epochs,n_samples,losses/opt1/non_sparse_fit/coeff,losses/opt1/non_sparse_fit/value,losses/opt1/value,grads/opt1/grad_total_l1mean,grads/opt1/grad_total_l2sum,metrics/batch_index,metrics/batch_size,metrics/mean_feature,metrics/std_feature,metrics/min_feature,metrics/max_feature,metrics/std_feature_avg,metrics/inv_std_feature_avg,metrics/episode_reward,metrics/non_sparse_fit_loss_smooth,weights/model/bn.weight,weights/model/bn.bias,weights/model/model.switch.probas,weights/model/model.model.fc01.weight,weights/model/model.model.fc01.bias,weights/model/model.model.fc02.weight,weights/model/model.model.fc02.bias,weights/model/model.model.fc03.weight,weights/model/model.model.fc03.bias,weights/model/model.model.fc04.weight,weights/model/model.model.fc04.bias,weights/decoder/model.fc01.weight,weights/decoder/model.fc01.bias,weights/decoder/model.fc02.weight,weights/decoder/model.fc02.bias,weights/decoder/model.fc03.weight,weights/decoder/model.fc03.bias,weights/decoder/model.fc04.weight,weights/decoder/model.fc04.bias,weights/non_sparse_model/bn.weight,weights/non_sparse_model/bn.bias,weights/non_sparse_model/model.switch.probas,weights/non_sparse_model/model.model.fc01.weight,weights/non_sparse_model/model.model.fc01.bias,weights/non_sparse_model/model.model.fc02.weight,weights/non_sparse_model/model.model.fc02.bias,weights/non_sparse_model/model.model.fc03.weight,weights/non_sparse_model/model.model.fc03.bias,weights/non_sparse_model/model.model.fc04.weight,weights/non_sparse_model/model.model.fc04.bias,CausalModel,model,checkpoint_tune,checkpoint_size,time_this_iter_s,should_checkpoint,done,timesteps_total,episodes_total,training_iteration,experiment_id,date,timestamp,time_total_s,pid,hostname,node_ip,config/name,config/base_dir,config/db_name,config/sources,config/log_sys_usage,config/_gin__lr__loguniform,config/_gin__b1__choice,config/_gin__b2__choice,config/_gin__iters__choice,config/_gin__ratio__choice,time_since_restore,timesteps_since_restore,iterations_since_restore,perf/cpu_util_percent,perf/ram_util_percent,perf/gpu_util_percent0,perf/vram_util_percent0,perf/gpu_util_percent1,perf/vram_util_percent1,trial_id,experiment_tag,metrics/context_stats_collect_iters,metrics/context_stats_collected_sampled_ratio,metrics/context_stats_pending_refs,metrics/context_stats_steps_collected,metrics/context_stats_steps_collected_now,metrics/context_stats_steps_sampled,metrics/context_stats_steps_sampled_laps,metrics/context_stats_collect_time_s,metrics/context_stats_steps_collected_laps
830.0,5000.0,1.0,0.007400468457490206,0.007400468457490206,0.001065787931919557,0.9567040899268138,0.0,-1.0,"[ 1.0375475  -0.16095313 -0.01850889  1.0261965   0.9303494   1.1661596
 -0.6873935  -1.1158417  -0.7529899   0.9215947  -0.00801596  0.8370129
  0.20556806 -0.05920391 -0.04475687  0.25911528 -0.9216419   0.01841832
  0.00138837]","[0.24477981 0.24219778 0.12858953 0.22070329 0.22828124 0.2594493
 0.20599389 0.26918796 0.19462556 0.22303633 0.12163566 0.20553006
 0.12034088 0.11718719 0.1311831  0.16513252 0.25146523 1.0015986
 1.0047038 ]",-1.565733790397644,6.79483699798584,0.0,0.0,25.921960830688477,0.00943971332162619,,,,,,,,,,,,,,,,,,,,,,,,,,,,,,,,,,,0.2720487117767334,,False,,,831,8745aae2dd13433b87a29cadf36096e2,2021-02-10_01-58-06,1612918686,848.679358959198,731,iccluster031,10.90.38.7,ve5_nonlinear_server_collect_ve5_rec_nonlin_gnn_gumbel_siamese_l2_search_opt_fit_ve5_dec_rec,/home/sergei/causality-disentanglement/results/ve5_nonlinear_server_collect_ve5_rec_nonlin_gnn_gumbel_siamese_l2_search_opt_fit_ve5_dec_rec/2021_02_10_00_43_54__0d2994b2-6b39-11eb-8ff1-90e2baa1a248,causal_sparse,"['/home/sergei/causality-disentanglement/vectorincrement/config/ve5_nonlinear.gin', '/home/sergei/causality-disentanglement/sparse_causal_model_learner_rl/configs/server_collect.gin', '/home/sergei/causality-disentanglement/sparse_causal_model_learner_rl/configs/ve5_rec_nonlin_gnn_gumbel_siamese_l2_search_opt_fit.gin', '/home/sergei/causality-disentanglement/sparse_causal_model_learner_rl/configs/ve5_dec_rec.gin']",True,0.0004937825235816121,0.8,0.5,2,0.7,848.679358959198,0,831,70.5,16.9,0.06,0.21200458565345562,0.69,0.28340976089092695,0d299_00000,"0__gin__b1__choice=0.8,_gin__b2__choice=0.5,_gin__iters__choice=2,_gin__lr__loguniform=0.00049378,_gin__ratio__choice=0.7",,,,,,,,,
1060.0,5000.0,1.0,0.13331706821918488,0.13331706821918488,0.00033790517955701997,0.4605232668677223,0.0,-1.0,"[ 0.01949841  1.1521044  -0.03400096  1.1150838  -0.706238   -0.03404618
  1.304835    0.03645443 -1.2849053  -0.01900078  0.01928559 -0.00322447
 -0.06336616 -0.06373209 -0.05071181  0.02652474  1.4420501   0.00951933
 -0.00446453]","[0.03946284 0.8155843  0.09132114 0.69294214 0.84942573 0.59450614
 0.8068669  0.01660125 0.8161536  0.01746304 0.1198683  0.1609016
 0.03505648 0.05559828 0.32584795 0.044305   0.93777406 0.99534094
 0.9839594 ]",-2.4698684215545654,7.303958892822266,0.0,0.0,26.058956146240234,0.15961840748786926,,,,,,,,,,,,,,,,,,,,,,,,,,,,,,,,,,,0.5763356685638428,,False,,,1061,216148e6d72d4377b588e9c565bebd20,2021-02-10_01-58-12,1612918692,854.7596623897552,733,iccluster031,10.90.38.7,ve5_nonlinear_server_collect_ve5_rec_nonlin_gnn_gumbel_siamese_l2_search_opt_fit_ve5_dec_rec,/home/sergei/causality-disentanglement/results/ve5_nonlinear_server_collect_ve5_rec_nonlin_gnn_gumbel_siamese_l2_search_opt_fit_ve5_dec_rec/2021_02_10_00_43_54__0d2994b2-6b39-11eb-8ff1-90e2baa1a248,causal_sparse,"['/home/sergei/causality-disentanglement/vectorincrement/config/ve5_nonlinear.gin', '/home/sergei/causality-disentanglement/sparse_causal_model_learner_rl/configs/server_collect.gin', '/home/sergei/causality-disentanglement/sparse_causal_model_learner_rl/configs/ve5_rec_nonlin_gnn_gumbel_siamese_l2_search_opt_fit.gin', '/home/sergei/causality-disentanglement/sparse_causal_model_learner_rl/configs/ve5_dec_rec.gin']",True,0.08064692019497079,0.8,0.99,5,0.1,854.7596623897552,0,1061,63.0,16.9,0.85,0.21200458565345562,0.55,0.28340976089092695,0d299_00001,"1__gin__b1__choice=0.8,_gin__b2__choice=0.99,_gin__iters__choice=5,_gin__lr__loguniform=0.080647,_gin__ratio__choice=0.1",,,,,,,,,
1290.0,5000.0,1.0,0.0008254079730249941,0.0008254079730249941,0.00014382274436128582,0.041125499348271206,0.0,-1.0,"[-0.09923442  1.0164676  -0.17309915  0.21990171  1.091688   -0.01510176
 -0.02754185  0.9262099   0.50257677  0.0777813   0.03396415  0.42631543
 -1.2375884   0.13150479  0.06179016 -1.1843237  -0.29536712  0.00858044
 -0.00694203]","[0.10751121 0.12031113 0.10382753 0.11989338 0.13044089 0.0968782
 0.10602114 0.11204938 0.09867892 0.10255328 0.10649665 0.08947628
 0.13809948 0.1071504  0.1006321  0.1273957  0.12753564 1.0088222
 0.9767264 ]",-1.3421173095703125,6.79483699798584,0.0,0.0,25.60307502746582,0.00037250400055199845,,,,,,,,,,,,,,,,,,,,,,,,,,,,,,,,,,,0.4815800189971924,,False,,,1291,5166c2a7ee34490ab1fee3052ceb40f1,2021-02-10_01-58-12,1612918692,855.165032863617,732,iccluster031,10.90.38.7,ve5_nonlinear_server_collect_ve5_rec_nonlin_gnn_gumbel_siamese_l2_search_opt_fit_ve5_dec_rec,/home/sergei/causality-disentanglement/results/ve5_nonlinear_server_collect_ve5_rec_nonlin_gnn_gumbel_siamese_l2_search_opt_fit_ve5_dec_rec/2021_02_10_00_43_54__0d2994b2-6b39-11eb-8ff1-90e2baa1a248,causal_sparse,"['/home/sergei/causality-disentanglement/vectorincrement/config/ve5_nonlinear.gin', '/home/sergei/causality-disentanglement/sparse_causal_model_learner_rl/configs/server_collect.gin', '/home/sergei/causality-disentanglement/sparse_causal_model_learner_rl/configs/ve5_rec_nonlin_gnn_gumbel_siamese_l2_search_opt_fit.gin', '/home/sergei/causality-disentanglement/sparse_causal_model_learner_rl/configs/ve5_dec_rec.gin']",True,0.0007480068745037514,0.5,0.999,4,0.1,855.165032863617,0,1291,61.8,16.9,0.75,0.21200458565345562,0.56,0.28340976089092695,0d299_00002,"2__gin__b1__choice=0.5,_gin__b2__choice=0.999,_gin__iters__choice=4,_gin__lr__loguniform=0.00074801,_gin__ratio__choice=0.1",,,,,,,,,
1150.0,5000.0,1.0,0.6759626865386963,0.6759626865386963,0.0040277210133770796,4.132679738015087,0.0,-1.0,"[-6.0628086e-01 -1.1497383e-01 -4.9366665e-01 -3.0400185e-03
  3.4949997e-01 -7.4642879e-01  2.7526405e-01 -6.3139573e-04
  4.7740523e-02 -1.5609589e-01  6.6797000e-01 -4.1257665e-01
  2.3724106e-03  3.1076607e-01  3.9996493e-01 -2.0036267e-02
  5.4634428e-01 -3.9511495e-03 -4.2241509e-03]","[0.5311102  0.38605532 1.0901457  0.18292665 0.95566905 1.0179323
 0.16698407 0.3432116  0.5158094  0.6930758  0.08186028 0.19344385
 0.16004904 2.781769   1.1834124  0.35114893 0.5221183  1.0073771
 0.98572946]",-3.1314406394958496,6.8951921463012695,0.0,0.0,26.447669982910156,0.14550822973251343,,,,,,,,,,,,,,,,,,,,,,,,,,,,,,,,,,,0.6470136642456055,,False,,,1151,da75cf29b5fd4ac497b3ab517dfa4920,2021-02-10_01-58-13,1612918693,856.1686244010925,653,iccluster031,10.90.38.7,ve5_nonlinear_server_collect_ve5_rec_nonlin_gnn_gumbel_siamese_l2_search_opt_fit_ve5_dec_rec,/home/sergei/causality-disentanglement/results/ve5_nonlinear_server_collect_ve5_rec_nonlin_gnn_gumbel_siamese_l2_search_opt_fit_ve5_dec_rec/2021_02_10_00_43_54__0d2994b2-6b39-11eb-8ff1-90e2baa1a248,causal_sparse,"['/home/sergei/causality-disentanglement/vectorincrement/config/ve5_nonlinear.gin', '/home/sergei/causality-disentanglement/sparse_causal_model_learner_rl/configs/server_collect.gin', '/home/sergei/causality-disentanglement/sparse_causal_model_learner_rl/configs/ve5_rec_nonlin_gnn_gumbel_siamese_l2_search_opt_fit.gin', '/home/sergei/causality-disentanglement/sparse_causal_model_learner_rl/configs/ve5_dec_rec.gin']",True,0.019751694523211193,0.99,0.999,5,0.5,856.1686244010925,0,1151,62.5,16.8,0.77,0.21200458565345562,0.62,0.28340976089092695,0d299_00003,"3__gin__b1__choice=0.99,_gin__b2__choice=0.999,_gin__iters__choice=5,_gin__lr__loguniform=0.019752,_gin__ratio__choice=0.5",,,,,,,,,
2890.0,5000.0,1.0,0.0019416603026911616,0.0019416603026911616,0.00025002065705671665,0.10263422550776584,0.0,-1.0,"[ 0.0800284  -0.5585283   0.45206058  0.0202323   0.42788306 -0.06922932
 -0.21341269  0.74760944 -0.33020583  0.09343455  0.27608675  0.43633154
  0.24532153 -0.58181584  0.00997664  0.2886271  -0.13461393 -0.00610141
  0.00717813]","[0.13574457 0.09026107 0.1512175  0.15024804 0.13123399 0.11289026
 0.13707751 0.18570095 0.13526583 0.13350128 0.11407379 0.15947671
 0.11992509 0.08137265 0.14539656 0.09147548 0.13523142 1.0118872
 1.024521  ]",-1.3761906623840332,7.035982131958008,0.0,0.0,26.633785247802734,0.0014661165187135343,,,,,,,,,,,,,,,,,,,,,,,,,,,,,,,,,,,0.23502278327941895,,False,,,2891,f2b8628def9745da9647019554e665a8,2021-02-10_01-58-14,1612918694,856.6518743038177,725,iccluster031,10.90.38.7,ve5_nonlinear_server_collect_ve5_rec_nonlin_gnn_gumbel_siamese_l2_search_opt_fit_ve5_dec_rec,/home/sergei/causality-disentanglement/results/ve5_nonlinear_server_collect_ve5_rec_nonlin_gnn_gumbel_siamese_l2_search_opt_fit_ve5_dec_rec/2021_02_10_00_43_54__0d2994b2-6b39-11eb-8ff1-90e2baa1a248,causal_sparse,"['/home/sergei/causality-disentanglement/vectorincrement/config/ve5_nonlinear.gin', '/home/sergei/causality-disentanglement/sparse_causal_model_learner_rl/configs/server_collect.gin', '/home/sergei/causality-disentanglement/sparse_causal_model_learner_rl/configs/ve5_rec_nonlin_gnn_gumbel_siamese_l2_search_opt_fit.gin', '/home/sergei/causality-disentanglement/sparse_causal_model_learner_rl/configs/ve5_dec_rec.gin']",True,0.004319273469657373,0.9,0.999,2,0.1,856.6518743038177,0,2891,,,,,,,0d299_00004,"4__gin__b1__choice=0.9,_gin__b2__choice=0.999,_gin__iters__choice=2,_gin__lr__loguniform=0.0043193,_gin__ratio__choice=0.1",,,,,,,,,
1210.0,5000.0,1.0,2.8719754219055176,2.8719754219055176,0.020251493940627877,6.9069344835485555,0.0,-1.0,"[-0.25191766  0.06644685  1.1416507  -0.9587367   0.65619785  0.61917675
 -0.5152344  -0.08381247 -0.5166948   0.16131568  0.5138527   0.072222
  0.05989391 -0.28613156  0.6225097  -0.3517848   0.06260537  0.01125953
 -0.02287643]","[2.5035388  2.6208518  3.1883895  3.2307518  0.80184704 2.2906566
 0.8595812  0.8200506  4.899532   2.8167663  2.262223   2.5514693
 2.3623981  2.5945883  2.3199155  2.323171   1.3950168  1.0007564
 0.9234085 ]",-8.012686729431152,8.133843421936035,0.0,0.0,25.888113021850586,1.5485316514968872,,,,,,,,,,,,,,,,,,,,,,,,,,,,,,,,,,,0.3941521644592285,,False,,,1211,5566f705c33e4645a7dcee2e6ba438e5,2021-02-10_01-58-13,1612918693,855.8009111881256,715,iccluster031,10.90.38.7,ve5_nonlinear_server_collect_ve5_rec_nonlin_gnn_gumbel_siamese_l2_search_opt_fit_ve5_dec_rec,/home/sergei/causality-disentanglement/results/ve5_nonlinear_server_collect_ve5_rec_nonlin_gnn_gumbel_siamese_l2_search_opt_fit_ve5_dec_rec/2021_02_10_00_43_54__0d2994b2-6b39-11eb-8ff1-90e2baa1a248,causal_sparse,"['/home/sergei/causality-disentanglement/vectorincrement/config/ve5_nonlinear.gin', '/home/sergei/causality-disentanglement/sparse_causal_model_learner_rl/configs/server_collect.gin', '/home/sergei/causality-disentanglement/sparse_causal_model_learner_rl/configs/ve5_rec_nonlin_gnn_gumbel_siamese_l2_search_opt_fit.gin', '/home/sergei/causality-disentanglement/sparse_causal_model_learner_rl/configs/ve5_dec_rec.gin']",True,0.0006605818633182739,0.999,0.99,3,0.5,855.8009111881256,0,1211,62.0,16.9,0.77,0.21200458565345562,0.62,0.28340976089092695,0d299_00005,"5__gin__b1__choice=0.999,_gin__b2__choice=0.99,_gin__iters__choice=3,_gin__lr__loguniform=0.00066058,_gin__ratio__choice=0.5",,,,,,,,,
9995.0,5000.0,1.0,0.02719654142856598,0.02719654142856598,0.0011044311097268495,0.3439892757899596,0.0,-1.0,"[-0.38246453 -0.3066829  -0.2803993  -0.10451439  0.43843472 -0.20859931
  0.3903232   0.19118425 -0.625948    0.04984744  0.06471884  0.56750906
 -0.30426085 -0.15871164 -0.51957285  0.13987304  0.4449309   0.05599264
 -0.00288559]","[0.24509187 0.23279841 0.23239765 0.43675265 0.2757591  0.26069006
 0.23253423 0.2793098  0.37356097 0.197099   0.16775286 0.34869075
 0.28544003 0.27195537 0.3216938  0.22569026 0.34514964 1.0025818
 0.9900441 ]",-1.3284400701522827,7.072510242462158,0.0,0.0,26.514867782592773,0.028458656743168827,,,,,,,,,,,,,,,,,,,,,,,,,,,,,,,,,,,0.3685293197631836,,False,,,9996,e5778596d46241fb901c83add229e62a,2021-02-09_02-10-36,1612833036,7949.261113166809,22014,iccluster031,10.90.38.7,ve5_nonlinear_server_collect_ve5_rec_nonlin_gnn_gumbel_siamese_l2_search_opt_fit_ve5_dec_rec,/home/sergei/causality-disentanglement/results/ve5_nonlinear_server_collect_ve5_rec_nonlin_gnn_gumbel_siamese_l2_search_opt_fit_ve5_dec_rec/2021_02_08_22_58_03__1988d8a4-6a61-11eb-8ff1-90e2baa1a248,causal_sparse,"['/home/sergei/causality-disentanglement/vectorincrement/config/ve5_nonlinear.gin', '/home/sergei/causality-disentanglement/sparse_causal_model_learner_rl/configs/server_collect.gin', '/home/sergei/causality-disentanglement/sparse_causal_model_learner_rl/configs/ve5_rec_nonlin_gnn_gumbel_siamese_l2_search_opt_fit.gin', '/home/sergei/causality-disentanglement/sparse_causal_model_learner_rl/configs/ve5_dec_rec.gin']",True,3.935835623398285e-05,0.9999,0.999,2,0.5,7949.261113166809,0,9996,94.2,16.1,0.07,0.21216835899115624,0.74,0.3862594169669178,1988d_00000,"0__gin__b1__choice=0.9999,_gin__b2__choice=0.999,_gin__iters__choice=2,_gin__lr__loguniform=3.9358e-05,_gin__ratio__choice=0.5",,,,,,,,,
9995.0,5000.0,1.0,0.0017434604233130813,0.0017434604233130813,0.001110599534740686,1.2270774420403465,0.0,-1.0,"[-0.03300226 -0.034279   -0.08570011  0.02225433 -0.00325506  0.04951342
 -0.0122626   0.19340792  0.0560706   0.05548955 -0.0718256   0.04078452
  0.02002842 -0.02144759  0.04989129  0.04474232  0.00683564  0.01257423
 -0.00291485]","[0.03315744 0.03653011 0.0573825  0.04038429 0.02864029 0.03350691
 0.03355088 0.05513511 0.04705612 0.03305653 0.06227382 0.01619904
 0.03479424 0.07306276 0.06230203 0.02451363 0.01721988 1.0127302
 0.9898291 ]",-1.3145495653152466,7.147259712219238,0.0,0.0,26.073200225830078,0.0030099658761173487,,,,,,,,,,,,,,,,,,,,,,,,,,,,,,,,,,,0.5882647037506104,,False,,,9996,5db9be65ecfc41fdbf30daf639c7ebfe,2021-02-09_03-06-28,1612836388,11301.128509521484,22017,iccluster031,10.90.38.7,ve5_nonlinear_server_collect_ve5_rec_nonlin_gnn_gumbel_siamese_l2_search_opt_fit_ve5_dec_rec,/home/sergei/causality-disentanglement/results/ve5_nonlinear_server_collect_ve5_rec_nonlin_gnn_gumbel_siamese_l2_search_opt_fit_ve5_dec_rec/2021_02_08_22_58_03__1988d8a4-6a61-11eb-8ff1-90e2baa1a248,causal_sparse,"['/home/sergei/causality-disentanglement/vectorincrement/config/ve5_nonlinear.gin', '/home/sergei/causality-disentanglement/sparse_causal_model_learner_rl/configs/server_collect.gin', '/home/sergei/causality-disentanglement/sparse_causal_model_learner_rl/configs/ve5_rec_nonlin_gnn_gumbel_siamese_l2_search_opt_fit.gin', '/home/sergei/causality-disentanglement/sparse_causal_model_learner_rl/configs/ve5_dec_rec.gin']",True,1.0961811651069428e-05,0.8,0.5,3,0.7,11301.128509521484,0,9996,90.0,16.9,0.43,0.21216835899115624,0.9,0.45684572551588604,1988d_00001,"1__gin__b1__choice=0.8,_gin__b2__choice=0.5,_gin__iters__choice=3,_gin__lr__loguniform=1.0962e-05,_gin__ratio__choice=0.7",,,,,,,,,
9995.0,5000.0,1.0,0.24343150854110718,0.24343150854110718,0.0010931518981086203,0.3033689371614316,0.0,-1.0,"[-0.19113044 -0.04934043 -0.02601741 -0.02745802  0.01255503 -0.01290193
 -0.02944372  0.03416584 -0.1167872  -0.03606211  0.01167469 -0.12809505
  0.01957258  0.04671439  0.01976613 -0.00492756  0.06111808 -0.0074177
 -0.02287642]","[0.33910033 0.42093953 0.45105907 0.5104418  0.3352153  0.5563181
 0.27982318 0.33934644 0.53624135 0.37354743 0.40475562 0.38407013
 0.3124432  0.42201266 0.56126034 0.36746186 0.39298448 1.0094908
 0.9234085 ]",-1.8279756307601929,6.5763044357299805,0.0,0.0,26.547039031982422,0.22403466701507566,,,,,,,,,,,,,,,,,,,,,,,,,,,,,,,,,,,0.2798120975494385,,False,,,9996,c2aa62eddf6841e49470321840c81cd2,2021-02-09_02-10-00,1612833000,7914.16286945343,22015,iccluster031,10.90.38.7,ve5_nonlinear_server_collect_ve5_rec_nonlin_gnn_gumbel_siamese_l2_search_opt_fit_ve5_dec_rec,/home/sergei/causality-disentanglement/results/ve5_nonlinear_server_collect_ve5_rec_nonlin_gnn_gumbel_siamese_l2_search_opt_fit_ve5_dec_rec/2021_02_08_22_58_03__1988d8a4-6a61-11eb-8ff1-90e2baa1a248,causal_sparse,"['/home/sergei/causality-disentanglement/vectorincrement/config/ve5_nonlinear.gin', '/home/sergei/causality-disentanglement/sparse_causal_model_learner_rl/configs/server_collect.gin', '/home/sergei/causality-disentanglement/sparse_causal_model_learner_rl/configs/ve5_rec_nonlin_gnn_gumbel_siamese_l2_search_opt_fit.gin', '/home/sergei/causality-disentanglement/sparse_causal_model_learner_rl/configs/ve5_dec_rec.gin']",True,0.08625913911856818,0.5,0.5,1,0.5,7914.16286945343,0,9996,99.2,16.7,0.31,0.21216835899115624,0.47,0.45684572551588604,1988d_00002,"2__gin__b1__choice=0.5,_gin__b2__choice=0.5,_gin__iters__choice=1,_gin__lr__loguniform=0.086259,_gin__ratio__choice=0.5",,,,,,,,,
9995.0,5000.0,1.0,0.00026615289971232414,0.00026615289971232414,0.00010647515639542841,0.019965842272108555,0.0,-1.0,"[-0.0566521   0.21439262 -0.03142622  0.017083    0.02184346  0.85102993
 -0.13479714 -0.20296696  0.14534266  0.1681967   0.17759356 -1.0185236
  0.17045511  0.08996636 -0.02122671  0.08214681  0.17814767  0.01706351
 -0.02602203]","[0.00551143 0.16244194 0.09132605 0.10943782 0.02969186 0.22831668
 0.09475056 0.11717948 0.11411478 0.1600265  0.03213192 0.14253262
 0.11539451 0.13492483 0.11792331 0.17172755 0.02757734 1.0049514
 0.910528  ]",-2.57000470161438,6.698623180389404,0.0,0.0,25.977542877197266,0.0005180618027225139,,,,,,,,,,,,,,,,,,,,,,,,,,,,,,,,,,,0.545008659362793,,False,,,9996,74db1e2270464c9f8b519c65ba08ed61,2021-02-09_03-04-37,1612836277,11190.688649892807,22090,iccluster031,10.90.38.7,ve5_nonlinear_server_collect_ve5_rec_nonlin_gnn_gumbel_siamese_l2_search_opt_fit_ve5_dec_rec,/home/sergei/causality-disentanglement/results/ve5_nonlinear_server_collect_ve5_rec_nonlin_gnn_gumbel_siamese_l2_search_opt_fit_ve5_dec_rec/2021_02_08_22_58_03__1988d8a4-6a61-11eb-8ff1-90e2baa1a248,causal_sparse,"['/home/sergei/causality-disentanglement/vectorincrement/config/ve5_nonlinear.gin', '/home/sergei/causality-disentanglement/sparse_causal_model_learner_rl/configs/server_collect.gin', '/home/sergei/causality-disentanglement/sparse_causal_model_learner_rl/configs/ve5_rec_nonlin_gnn_gumbel_siamese_l2_search_opt_fit.gin', '/home/sergei/causality-disentanglement/sparse_causal_model_learner_rl/configs/ve5_dec_rec.gin']",True,0.002840969990461109,0.5,0.9,5,0.7,11190.688649892807,0,9996,95.4,16.9,0.31,0.21216835899115624,0.65,0.45684572551588604,1988d_00003,"3__gin__b1__choice=0.5,_gin__b2__choice=0.9,_gin__iters__choice=5,_gin__lr__loguniform=0.002841,_gin__ratio__choice=0.7",,,,,,,,,
9995.0,5000.0,1.0,0.0038413810543715954,0.0038413810543715954,0.0020394654647538524,1.629831673264932,0.0,-1.0,"[-0.1465274  -0.17640589  0.2819306  -0.06010792 -0.14400883 -0.05055813
 -0.2043979  -0.19195038  0.12996782  0.06963993 -0.1698665  -0.17780069
 -0.17473358  0.16609234  0.10901909 -0.08927914 -0.0731625   0.01776003
 -0.01643496]","[0.06694789 0.05484141 0.04911046 0.08855702 0.12044869 0.05747309
 0.05084469 0.0483961  0.09984605 0.0909178  0.04155413 0.04971649
 0.06545419 0.07993437 0.07279754 0.09515285 0.07212072 0.9991633
 0.94460034]",-1.2954421043395996,6.698623180389404,0.0,0.0,26.122316360473633,0.003364228410646319,,,,,,,,,,,,,,,,,,,,,,,,,,,,,,,,,,,0.392897367477417,,False,,,9996,4312628a803442a6982c9ac7d24a5e4a,2021-02-09_01-14-08,1612829648,4561.3150498867035,22077,iccluster031,10.90.38.7,ve5_nonlinear_server_collect_ve5_rec_nonlin_gnn_gumbel_siamese_l2_search_opt_fit_ve5_dec_rec,/home/sergei/causality-disentanglement/results/ve5_nonlinear_server_collect_ve5_rec_nonlin_gnn_gumbel_siamese_l2_search_opt_fit_ve5_dec_rec/2021_02_08_22_58_03__1988d8a4-6a61-11eb-8ff1-90e2baa1a248,causal_sparse,"['/home/sergei/causality-disentanglement/vectorincrement/config/ve5_nonlinear.gin', '/home/sergei/causality-disentanglement/sparse_causal_model_learner_rl/configs/server_collect.gin', '/home/sergei/causality-disentanglement/sparse_causal_model_learner_rl/configs/ve5_rec_nonlin_gnn_gumbel_siamese_l2_search_opt_fit.gin', '/home/sergei/causality-disentanglement/sparse_causal_model_learner_rl/configs/ve5_dec_rec.gin']",True,2.6156368777029582e-05,0.99,0.99,3,0.1,4561.3150498867035,0,9996,82.2,15.5,0.42,0.21216835899115624,0.0,0.4556993121519817,1988d_00004,"4__gin__b1__choice=0.99,_gin__b2__choice=0.99,_gin__iters__choice=3,_gin__lr__loguniform=2.6156e-05,_gin__ratio__choice=0.1",0.0,0.1005522820313482,10.0,5034150.0,0.0,50065000.0,500.65,4.291534423828125e-06,50.3415
9995.0,5000.0,1.0,0.00019854454149026424,0.00019854454149026424,9.677312650385122e-05,0.03827922898366987,0.0,-1.0,"[ 0.01051016 -0.22846581 -0.8385345   0.09908199  0.4604823  -0.2360226
 -0.3489266  -0.17486604 -0.33229604 -0.29656297  0.8557291   1.0976685
  0.3581226  -1.2179607   0.27468738  0.26707324  0.07331171  0.02671816
  0.01450054]","[0.09145026 0.09974486 0.12489464 0.09396665 0.14745186 0.15963678
 0.07423332 0.09822699 0.07797232 0.09165584 0.09090707 0.13372664
 0.11383047 0.09740525 0.06598636 0.09540122 0.08275267 1.0097926
 1.0493155 ]",-1.9648104906082153,7.109598159790039,0.0,0.0,26.482437133789062,0.00014379374624695637,,,,,,,,,,,,,,,,,,,,,,,,,,,,,,,,,,,0.5117795467376709,,False,,,9996,845710eada8b48e2a7ced340db56ada9,2021-02-09_02-08-26,1612832906,7819.614809036255,22082,iccluster031,10.90.38.7,ve5_nonlinear_server_collect_ve5_rec_nonlin_gnn_gumbel_siamese_l2_search_opt_fit_ve5_dec_rec,/home/sergei/causality-disentanglement/results/ve5_nonlinear_server_collect_ve5_rec_nonlin_gnn_gumbel_siamese_l2_search_opt_fit_ve5_dec_rec/2021_02_08_22_58_03__1988d8a4-6a61-11eb-8ff1-90e2baa1a248,causal_sparse,"['/home/sergei/causality-disentanglement/vectorincrement/config/ve5_nonlinear.gin', '/home/sergei/causality-disentanglement/sparse_causal_model_learner_rl/configs/server_collect.gin', '/home/sergei/causality-disentanglement/sparse_causal_model_learner_rl/configs/ve5_rec_nonlin_gnn_gumbel_siamese_l2_search_opt_fit.gin', '/home/sergei/causality-disentanglement/sparse_causal_model_learner_rl/configs/ve5_dec_rec.gin']",True,0.0009831659027200019,0.9,0.9,4,0.5,7819.614809036255,0,9996,,,,,,,1988d_00005,"5__gin__b1__choice=0.9,_gin__b2__choice=0.9,_gin__iters__choice=4,_gin__lr__loguniform=0.00098317,_gin__ratio__choice=0.5",,,,,,,,,
9995.0,5000.0,1.0,0.005225494038313627,0.005225494038313627,0.0005623760065039581,0.1918919657993096,0.0,-1.0,"[-1.3482155e-01  2.8466368e-01  3.6324859e-01 -2.4280260e+00
 -8.3059472e-01 -6.9194764e-02  4.5872588e-02  9.7824490e-01
  1.8741250e-01  6.9980323e-02 -2.4532497e-01 -4.1408065e-01
  5.1329249e-01 -2.3937646e-01  1.5650949e+00 -3.9463061e-01
 -1.2099972e+00 -2.2011135e-02  1.4649589e-03]","[0.15310852 0.13956824 0.23459889 0.26328686 0.12729587 0.17739254
 0.1003272  0.18896237 0.17759031 0.2076889  0.15211484 0.17487626
 0.17723364 0.12533318 0.21544746 0.19034687 0.15834771 0.99700606
 1.0052472 ]",-2.7266056537628174,7.185510158538818,0.0,0.0,26.197906494140625,0.005448615178465843,,,,,,,,,,,,,,,,,,,,,,,,,,,,,,,,,,,0.12761878967285156,,False,,,9996,41a016e8c7f34f5c840521307a9b91f8,2021-02-09_03-30-32,1612837832,8176.804244756699,41401,iccluster031,10.90.38.7,ve5_nonlinear_server_collect_ve5_rec_nonlin_gnn_gumbel_siamese_l2_search_opt_fit_ve5_dec_rec,/home/sergei/causality-disentanglement/results/ve5_nonlinear_server_collect_ve5_rec_nonlin_gnn_gumbel_siamese_l2_search_opt_fit_ve5_dec_rec/2021_02_08_22_58_03__1988d8a4-6a61-11eb-8ff1-90e2baa1a248,causal_sparse,"['/home/sergei/causality-disentanglement/vectorincrement/config/ve5_nonlinear.gin', '/home/sergei/causality-disentanglement/sparse_causal_model_learner_rl/configs/server_collect.gin', '/home/sergei/causality-disentanglement/sparse_causal_model_learner_rl/configs/ve5_rec_nonlin_gnn_gumbel_siamese_l2_search_opt_fit.gin', '/home/sergei/causality-disentanglement/sparse_causal_model_learner_rl/configs/ve5_dec_rec.gin']",True,0.0007087666052574765,0.9999,0.999,1,0.5,8176.804244756699,0,9996,,,,,,,1988d_00006,"6__gin__b1__choice=0.9999,_gin__b2__choice=0.999,_gin__iters__choice=1,_gin__lr__loguniform=0.00070877,_gin__ratio__choice=0.5",,,,,,,,,
180.0,5000.0,1.0,7.255463811556947e+30,7.255463811556947e+30,1.124520132638357e+29,inf,0.0,-1.0,"[ 2.5064429e+02 -1.0953842e+04 -4.4018704e+02  1.7729511e+00
  5.2234668e+02  6.6167637e+03 -2.8214828e+02 -6.4257196e+02
  6.8757540e-01  2.5497661e+00  1.0269062e+02  1.1985166e+00
 -2.9567793e+01  3.5885890e+00  5.6419736e+03 -1.8122060e+00
 -3.5071710e+02 -5.0345082e-03  5.1055498e-02]","[2.8206504e+03 1.2971867e+05 5.0863916e+03 2.1634342e+01 5.9525532e+03
 7.8345695e+04 3.1807668e+03 7.4590874e+03 7.2410312e+00 2.9011778e+01
 1.1914000e+03 1.3111811e+01 3.2002481e+02 4.2820049e+01 6.3540859e+04
 2.0789644e+01 3.9057300e+03 9.9653673e-01 1.1743890e+00]",-142673.09375,146886.875,0.0,0.0,26.30703353881836,8.654562900318237e+21,,,,,,,,,,,,,,,,,,,,,,,,,,,,,,,,,,,0.43768882751464844,,False,,,181,521e375280e340d292a42b16d73945fb,2021-02-09_02-11-20,1612833080,165.61065936088562,23205,iccluster031,10.90.38.7,ve5_nonlinear_server_collect_ve5_rec_nonlin_gnn_gumbel_siamese_l2_search_opt_fit_ve5_dec_rec,/home/sergei/causality-disentanglement/results/ve5_nonlinear_server_collect_ve5_rec_nonlin_gnn_gumbel_siamese_l2_search_opt_fit_ve5_dec_rec/2021_02_08_22_58_03__1988d8a4-6a61-11eb-8ff1-90e2baa1a248,causal_sparse,"['/home/sergei/causality-disentanglement/vectorincrement/config/ve5_nonlinear.gin', '/home/sergei/causality-disentanglement/sparse_causal_model_learner_rl/configs/server_collect.gin', '/home/sergei/causality-disentanglement/sparse_causal_model_learner_rl/configs/ve5_rec_nonlin_gnn_gumbel_siamese_l2_search_opt_fit.gin', '/home/sergei/causality-disentanglement/sparse_causal_model_learner_rl/configs/ve5_dec_rec.gin']",True,0.0009791893287038232,0.99,0.5,2,0.5,165.61065936088562,0,181,97.1,16.0,0.56,0.21216835899115624,0.72,0.3862594169669178,1988d_00007,"7__gin__b1__choice=0.99,_gin__b2__choice=0.5,_gin__iters__choice=2,_gin__lr__loguniform=0.00097919,_gin__ratio__choice=0.5",,,,,,,,,
9995.0,5000.0,1.0,0.0002086065651383251,0.0002086065651383251,0.0001602499351318127,0.0713890689696454,0.0,-1.0,"[ 0.10764737 -1.1741179   1.0384109   1.4323732   1.1145374  -0.37470594
 -1.195991   -0.05002932  0.44154325 -0.20690595 -1.1825233  -1.3177513
  0.08261507  0.17715622 -0.14098096 -1.5583285  -0.4050913   0.03613072
  0.00740148]","[0.1694033  0.08545382 0.10429811 0.10170384 0.09060814 0.12152284
 0.09057175 0.10097805 0.10706603 0.13628404 0.09126065 0.105749
 0.07860854 0.12454809 0.15356983 0.10527239 0.12576386 1.006341
 1.0261092 ]",-1.6893348693847656,7.2638444900512695,0.0,0.0,26.125532150268555,0.00022243108833208667,,,,,,,,,,,,,,,,,,,,,,,,,,,,,,,,,,,0.7469692230224609,,False,,,9996,4bef722fe366416ab734c4aa4b141917,2021-02-09_04-49-30,1612842570,9558.209540843964,47565,iccluster031,10.90.38.7,ve5_nonlinear_server_collect_ve5_rec_nonlin_gnn_gumbel_siamese_l2_search_opt_fit_ve5_dec_rec,/home/sergei/causality-disentanglement/results/ve5_nonlinear_server_collect_ve5_rec_nonlin_gnn_gumbel_siamese_l2_search_opt_fit_ve5_dec_rec/2021_02_08_22_58_03__1988d8a4-6a61-11eb-8ff1-90e2baa1a248,causal_sparse,"['/home/sergei/causality-disentanglement/vectorincrement/config/ve5_nonlinear.gin', '/home/sergei/causality-disentanglement/sparse_causal_model_learner_rl/configs/server_collect.gin', '/home/sergei/causality-disentanglement/sparse_causal_model_learner_rl/configs/ve5_rec_nonlin_gnn_gumbel_siamese_l2_search_opt_fit.gin', '/home/sergei/causality-disentanglement/sparse_causal_model_learner_rl/configs/ve5_dec_rec.gin']",True,0.00017389164622055408,0.9,0.99,3,0.5,9558.209540843964,0,9996,81.1,17.2,0.08,0.21216835899115624,0.11,0.45684572551588604,1988d_00008,"8__gin__b1__choice=0.9,_gin__b2__choice=0.99,_gin__iters__choice=3,_gin__lr__loguniform=0.00017389,_gin__ratio__choice=0.5",,,,,,,,,
9995.0,5000.0,1.0,0.023468010127544403,0.023468010127544403,0.0003766915580740715,0.32189384393437687,0.0,-1.0,"[-0.00379337  0.02098917 -0.00694407 -0.11983693  0.15315758 -0.04374185
  0.22248249 -0.24071386 -0.102208    0.16049875 -0.00981028  0.12147965
 -0.04989861  0.04402278 -0.00654814 -0.02379793  1.258243    0.00381618
  0.0244056 ]","[0.03738606 0.03593722 0.01583052 0.21429737 0.1714805  0.05956176
 0.3361063  0.14018296 0.06101624 0.1380049  0.02450631 0.33991915
 0.05200337 0.02540881 0.02766006 0.0084204  0.06492755 0.99585646
 1.0806879 ]",-1.2984836101531982,7.035982131958008,0.0,0.0,26.301847457885742,0.037604909390211105,,,,,,,,,,,,,,,,,,,,,,,,,,,,,,,,,,,0.5697522163391113,,False,,,9996,0e68bf7bed344142a08d60632ac280fd,2021-02-09_05-54-32,1612846472,13420.470838785172,8254,iccluster031,10.90.38.7,ve5_nonlinear_server_collect_ve5_rec_nonlin_gnn_gumbel_siamese_l2_search_opt_fit_ve5_dec_rec,/home/sergei/causality-disentanglement/results/ve5_nonlinear_server_collect_ve5_rec_nonlin_gnn_gumbel_siamese_l2_search_opt_fit_ve5_dec_rec/2021_02_08_22_58_03__1988d8a4-6a61-11eb-8ff1-90e2baa1a248,causal_sparse,"['/home/sergei/causality-disentanglement/vectorincrement/config/ve5_nonlinear.gin', '/home/sergei/causality-disentanglement/sparse_causal_model_learner_rl/configs/server_collect.gin', '/home/sergei/causality-disentanglement/sparse_causal_model_learner_rl/configs/ve5_rec_nonlin_gnn_gumbel_siamese_l2_search_opt_fit.gin', '/home/sergei/causality-disentanglement/sparse_causal_model_learner_rl/configs/ve5_dec_rec.gin']",True,0.006325521550643591,0.8,0.9999,4,0.5,13420.470838785172,0,9996,,,,,,,1988d_00009,"9__gin__b1__choice=0.8,_gin__b2__choice=0.9999,_gin__iters__choice=4,_gin__lr__loguniform=0.0063255,_gin__ratio__choice=0.5",,,,,,,,,
9995.0,5000.0,1.0,0.0094809764996171,0.0094809764996171,0.00225896775908849,2.0923330612417788,0.0,-1.0,"[ 0.04372698 -0.06750761 -0.00073685  0.01890719  0.00472767 -0.12747437
 -0.00422364 -0.00412715 -0.0145297   0.03134611  0.01029979  0.04026227
 -0.08001953  0.03025645  0.00888711  0.02817902  0.00542899 -0.03816455
  0.01020207]","[0.01750796 0.02170493 0.02993249 0.02964528 0.02233994 0.01687987
 0.01584163 0.02871231 0.03580403 0.02929506 0.01864605 0.0153557
 0.03584035 0.01712242 0.0258489  0.03376788 0.0169337  1.0106409
 1.0351808 ]",-1.317173719406128,7.147259712219238,0.0,0.0,25.683448791503906,0.0070583722554147235,,,,,,,,,,,,,,,,,,,,,,,,,,,,,,,,,,,0.1747291088104248,,False,,,9996,bb0b6b26671943a887b8d42a7357b4e9,2021-02-09_05-01-47,1612843307,10209.562048196793,18465,iccluster031,10.90.38.7,ve5_nonlinear_server_collect_ve5_rec_nonlin_gnn_gumbel_siamese_l2_search_opt_fit_ve5_dec_rec,/home/sergei/causality-disentanglement/results/ve5_nonlinear_server_collect_ve5_rec_nonlin_gnn_gumbel_siamese_l2_search_opt_fit_ve5_dec_rec/2021_02_08_22_58_03__1988d8a4-6a61-11eb-8ff1-90e2baa1a248,causal_sparse,"['/home/sergei/causality-disentanglement/vectorincrement/config/ve5_nonlinear.gin', '/home/sergei/causality-disentanglement/sparse_causal_model_learner_rl/configs/server_collect.gin', '/home/sergei/causality-disentanglement/sparse_causal_model_learner_rl/configs/ve5_rec_nonlin_gnn_gumbel_siamese_l2_search_opt_fit.gin', '/home/sergei/causality-disentanglement/sparse_causal_model_learner_rl/configs/ve5_dec_rec.gin']",True,1.4827287958414026e-05,0.5,0.9999,1,0.7,10209.562048196793,0,9996,52.2,17.3,0.78,0.21216835899115624,0.87,0.45684572551588604,1988d_00010,"10__gin__b1__choice=0.5,_gin__b2__choice=0.9999,_gin__iters__choice=1,_gin__lr__loguniform=1.4827e-05,_gin__ratio__choice=0.7",,,,,,,,,
9995.0,5000.0,1.0,0.0012319495435804129,0.0012319495435804129,0.00023920778853576193,0.03764446388632015,0.0,-1.0,"[-0.04876029 -0.03482331  0.01857801  1.0285816   0.06543933 -0.07049331
 -0.03815119 -0.01399433 -0.01350111  0.04672277  0.05775138 -0.05793209
 -0.02394675  0.02122076 -0.08415597  0.06238818 -0.00249841  0.02413055
 -0.00605037]","[0.01846035 0.31719705 0.02053411 0.46092093 0.30869806 0.2991504
 0.01592807 0.01877929 0.01950213 0.0221962  0.01515177 0.0156941
 0.0886595  0.01809451 0.2888417  0.2090012  0.01466543 0.9974017
 0.9777653 ]",-1.656994342803955,7.428308010101318,0.0,0.0,25.684547424316406,0.002097182907164097,,,,,,,,,,,,,,,,,,,,,,,,,,,,,,,,,,,0.6367440223693848,,False,,,9996,dbf08b127b234e3d84d539b60645fa4e,2021-02-09_07-17-49,1612851469,15178.69405913353,6972,iccluster031,10.90.38.7,ve5_nonlinear_server_collect_ve5_rec_nonlin_gnn_gumbel_siamese_l2_search_opt_fit_ve5_dec_rec,/home/sergei/causality-disentanglement/results/ve5_nonlinear_server_collect_ve5_rec_nonlin_gnn_gumbel_siamese_l2_search_opt_fit_ve5_dec_rec/2021_02_08_22_58_03__1988d8a4-6a61-11eb-8ff1-90e2baa1a248,causal_sparse,"['/home/sergei/causality-disentanglement/vectorincrement/config/ve5_nonlinear.gin', '/home/sergei/causality-disentanglement/sparse_causal_model_learner_rl/configs/server_collect.gin', '/home/sergei/causality-disentanglement/sparse_causal_model_learner_rl/configs/ve5_rec_nonlin_gnn_gumbel_siamese_l2_search_opt_fit.gin', '/home/sergei/causality-disentanglement/sparse_causal_model_learner_rl/configs/ve5_dec_rec.gin']",True,0.00808517509743626,0.8,0.8,5,0.1,15178.69405913353,0,9996,44.8,15.6,0.88,0.21216835899115624,0.91,0.49172944644611855,1988d_00011,"11__gin__b1__choice=0.8,_gin__b2__choice=0.8,_gin__iters__choice=5,_gin__lr__loguniform=0.0080852,_gin__ratio__choice=0.1",0.0,0.10005792469589417,9.0,5009400.0,0.0,50065000.0,500.65,4.5299530029296875e-06,50.094
85.0,5000.0,1.0,9.300558104968372e+20,9.300558104968372e+20,1.4644297366995401e+20,inf,0.0,-1.0,"[-2.1217659e+00  2.7541083e-01  1.1201600e+01 -6.4507232e+00
 -7.0733027e+00  1.2618787e+00  4.1740646e+00  7.6479340e+00
 -6.3578930e+00  4.0005021e+00  2.7986565e-01 -6.9932032e+00
 -1.3156118e+01 -1.2892398e+00 -2.5306901e-01  1.3368532e+01
  1.0250288e+00 -2.9083388e-03  1.0647003e-02]","[26.797127  10.081178  35.825565  43.672863  28.805874  40.36006
 33.961697  42.88815   40.949272  34.303417  36.369686  46.736065
 56.95667   50.621853  37.124146  57.91924   16.25145    1.0024964
  1.0383749]",-140.61917114257812,144.29281616210938,0.0,0.0,26.32033348083496,0.18974631179393603,,,,,,,,,,,,,,,,,,,,,,,,,,,,,,,,,,,0.9271137714385986,,False,,,86,ff53853803cb43e9b889ef5a88016c91,2021-02-09_03-09-31,1612836571,169.97464871406555,35662,iccluster031,10.90.38.7,ve5_nonlinear_server_collect_ve5_rec_nonlin_gnn_gumbel_siamese_l2_search_opt_fit_ve5_dec_rec,/home/sergei/causality-disentanglement/results/ve5_nonlinear_server_collect_ve5_rec_nonlin_gnn_gumbel_siamese_l2_search_opt_fit_ve5_dec_rec/2021_02_08_22_58_03__1988d8a4-6a61-11eb-8ff1-90e2baa1a248,causal_sparse,"['/home/sergei/causality-disentanglement/vectorincrement/config/ve5_nonlinear.gin', '/home/sergei/causality-disentanglement/sparse_causal_model_learner_rl/configs/server_collect.gin', '/home/sergei/causality-disentanglement/sparse_causal_model_learner_rl/configs/ve5_rec_nonlin_gnn_gumbel_siamese_l2_search_opt_fit.gin', '/home/sergei/causality-disentanglement/sparse_causal_model_learner_rl/configs/ve5_dec_rec.gin']",True,0.00017623830123823848,0.99,0.5,5,0.7,169.97464871406555,0,86,85.8,16.9,0.15,0.21216835899115624,0.94,0.45684572551588604,1988d_00012,"12__gin__b1__choice=0.99,_gin__b2__choice=0.5,_gin__iters__choice=5,_gin__lr__loguniform=0.00017624,_gin__ratio__choice=0.7",0.0,0.7497087364083326,11.0,386100.0,0.0,515000.0,5.15,4.291534423828125e-06,3.861
9995.0,5000.0,1.0,2.986652204498597e+31,2.986652204498597e+31,2.3237125281957255e+24,inf,0.0,-1.0,"[ 8.9143288e+01 -1.0972601e+02  8.8591972e+01  9.5298424e+00
 -1.0521746e+02 -4.9868107e+01  1.7212822e+02  5.9539337e+01
 -5.6933929e+01  3.8034286e+01  1.2247532e+02 -7.9721656e+00
 -8.7494415e+01 -4.1757050e+01  7.5133652e+01 -9.0232968e-01
  4.5252518e+01  1.4834106e-02 -1.5043090e-03]","[377.9887     657.0883     701.6957     398.21713    439.39722
 122.94994    700.36584    221.11948    165.92427     96.76653
 680.9432     382.202      399.31525    646.0064     679.68933
 234.42595    285.4241       0.99732447   0.9946295 ]",-836.8052978515625,979.9296875,0.0,0.0,25.705533981323242,2.986652929854073e+31,,,,,,,,,,,,,,,,,,,,,,,,,,,,,,,,,,,0.7578995227813721,,False,,,9996,0c77d2f31c494ae5baa9161f47f0b154,2021-02-09_06-18-10,1612847890,11306.065949678421,36092,iccluster031,10.90.38.7,ve5_nonlinear_server_collect_ve5_rec_nonlin_gnn_gumbel_siamese_l2_search_opt_fit_ve5_dec_rec,/home/sergei/causality-disentanglement/results/ve5_nonlinear_server_collect_ve5_rec_nonlin_gnn_gumbel_siamese_l2_search_opt_fit_ve5_dec_rec/2021_02_08_22_58_03__1988d8a4-6a61-11eb-8ff1-90e2baa1a248,causal_sparse,"['/home/sergei/causality-disentanglement/vectorincrement/config/ve5_nonlinear.gin', '/home/sergei/causality-disentanglement/sparse_causal_model_learner_rl/configs/server_collect.gin', '/home/sergei/causality-disentanglement/sparse_causal_model_learner_rl/configs/ve5_rec_nonlin_gnn_gumbel_siamese_l2_search_opt_fit.gin', '/home/sergei/causality-disentanglement/sparse_causal_model_learner_rl/configs/ve5_dec_rec.gin']",True,0.043234511781517417,0.9999,0.99,3,0.5,11306.065949678421,0,9996,32.4,16.9,0.76,0.21216835899115624,0.74,0.8895348837209303,1988d_00013,"13__gin__b1__choice=0.9999,_gin__b2__choice=0.99,_gin__iters__choice=3,_gin__lr__loguniform=0.043235,_gin__ratio__choice=0.5",,,,,,,,,
225.0,5000.0,1.0,3.0431740804836955e+31,3.0431740804836955e+31,1.9776893980058606e+32,inf,0.0,-1.0,"[ 14.41049    -16.541613     4.560392    17.772184     3.884253
   1.7442123    6.352179    -2.4329698  -16.243828     8.454975
 -12.877739    -7.3558106    7.347975    -0.3800831   -0.47473535
   2.020336     9.933437     0.04812621  -0.02009847]","[138.43246    291.429       81.66986     94.81738     33.875195
  16.794292    33.09107     80.51723    104.409546    76.20194
 128.82172    121.731995    85.81118     62.229313   160.19543
  21.600815   153.5825       1.0024467    0.93341374]",-577.8726806640625,630.6530151367188,0.0,0.0,25.890535354614258,5.409198572536909e+23,,,,,,,,,,,,,,,,,,,,,,,,,,,,,,,,,,,0.6034574508666992,,False,,,226,c8078151e15f4162be7e03b256d09c5e,2021-02-09_03-35-57,1612838157,318.23205161094666,42993,iccluster031,10.90.38.7,ve5_nonlinear_server_collect_ve5_rec_nonlin_gnn_gumbel_siamese_l2_search_opt_fit_ve5_dec_rec,/home/sergei/causality-disentanglement/results/ve5_nonlinear_server_collect_ve5_rec_nonlin_gnn_gumbel_siamese_l2_search_opt_fit_ve5_dec_rec/2021_02_08_22_58_03__1988d8a4-6a61-11eb-8ff1-90e2baa1a248,causal_sparse,"['/home/sergei/causality-disentanglement/vectorincrement/config/ve5_nonlinear.gin', '/home/sergei/causality-disentanglement/sparse_causal_model_learner_rl/configs/server_collect.gin', '/home/sergei/causality-disentanglement/sparse_causal_model_learner_rl/configs/ve5_rec_nonlin_gnn_gumbel_siamese_l2_search_opt_fit.gin', '/home/sergei/causality-disentanglement/sparse_causal_model_learner_rl/configs/ve5_dec_rec.gin']",True,0.006178142213718546,0.99,0.9,5,0.7,318.23205161094666,0,226,77.1,17.0,0.7,0.21216835899115624,0.86,0.45684572551588604,1988d_00014,"14__gin__b1__choice=0.99,_gin__b2__choice=0.9,_gin__iters__choice=5,_gin__lr__loguniform=0.0061781,_gin__ratio__choice=0.7",1.0,0.729259258659046,12.0,886050.0,39600.0,1215000.0,12.15,0.009737730026245117,8.8605
9995.0,5000.0,1.0,0.005460258573293686,0.005460258573293686,0.0005250602006299232,0.13312559655087428,0.0,-1.0,"[ 4.50206473e-02  7.30878562e-02 -4.66947168e-01  9.18273628e-02
  1.26771135e-02 -1.08334627e-02 -5.23325987e-02  1.08426318e-01
 -4.62279143e-03 -8.39274377e-02  6.03395700e-01  1.30673381e-03
 -6.06373399e-02 -7.16900006e-02  5.48025258e-02 -4.35632728e-02
  1.29738627e-02  1.86799672e-02 -2.28881838e-08]","[0.02163505 0.02239261 0.3575538  0.15325338 0.27042168 0.02605073
 0.0649932  0.26138008 0.28798893 0.02586285 0.51184124 0.0543197
 0.06495427 0.2899098  0.1278244  0.01560592 0.02357671 1.0035219
 1.0000998 ]",-2.4263291358947754,6.895191669464111,0.0,0.0,26.537677764892578,0.005460258573293688,,,,,,,,,,,,,,,,,,,,,,,,,,,,,,,,,,,0.15493535995483398,,False,,,9996,73016b408dc74ebbb7a400f57821a8c9,2021-02-09_05-29-39,1612844979,6814.650422096252,34048,iccluster031,10.90.38.7,ve5_nonlinear_server_collect_ve5_rec_nonlin_gnn_gumbel_siamese_l2_search_opt_fit_ve5_dec_rec,/home/sergei/causality-disentanglement/results/ve5_nonlinear_server_collect_ve5_rec_nonlin_gnn_gumbel_siamese_l2_search_opt_fit_ve5_dec_rec/2021_02_08_22_58_03__1988d8a4-6a61-11eb-8ff1-90e2baa1a248,causal_sparse,"['/home/sergei/causality-disentanglement/vectorincrement/config/ve5_nonlinear.gin', '/home/sergei/causality-disentanglement/sparse_causal_model_learner_rl/configs/server_collect.gin', '/home/sergei/causality-disentanglement/sparse_causal_model_learner_rl/configs/ve5_rec_nonlin_gnn_gumbel_siamese_l2_search_opt_fit.gin', '/home/sergei/causality-disentanglement/sparse_causal_model_learner_rl/configs/ve5_dec_rec.gin']",True,0.007245707375185925,0.5,0.5,1,0.5,6814.650422096252,0,9996,,,,,,,1988d_00015,"15__gin__b1__choice=0.5,_gin__b2__choice=0.5,_gin__iters__choice=1,_gin__lr__loguniform=0.0072457,_gin__ratio__choice=0.5",,,,,,,,,
9995.0,5000.0,1.0,0.00015288843133021146,0.00015288843133021146,0.00013330111974280752,0.06853187516789186,0.0,-1.0,"[-0.9682324   2.0979242   1.4933417   0.44697744  2.9364843   0.26204327
  0.28993738  0.2254724   0.19774035 -0.28585994  0.24335375 -1.8898058
 -0.26168436  1.3560439  -0.942453   -0.6574082   0.23909545  0.01368215
  0.00571432]","[0.07662769 0.10219211 0.08030303 0.07254437 0.05817277 0.08991228
 0.10214262 0.10053368 0.07561365 0.1193197  0.08242422 0.07146807
 0.10376231 0.10651325 0.09791765 0.06663261 0.09944752 1.0100676
 1.0194894 ]",-2.1480062007904053,6.999999523162842,0.0,0.0,25.855484008789062,0.00011584477033466091,,,,,,,,,,,,,,,,,,,,,,,,,,,,,,,,,,,0.47007036209106445,,False,,,9996,b4c9a2e501794a2d99ef817f609c99a8,2021-02-09_18-06-25,1612890385,47808.04657316208,5831,iccluster031,10.90.38.7,ve5_nonlinear_server_collect_ve5_rec_nonlin_gnn_gumbel_siamese_l2_search_opt_fit_ve5_dec_rec,/home/sergei/causality-disentanglement/results/ve5_nonlinear_server_collect_ve5_rec_nonlin_gnn_gumbel_siamese_l2_search_opt_fit_ve5_dec_rec/2021_02_08_22_58_03__1988d8a4-6a61-11eb-8ff1-90e2baa1a248,causal_sparse,"['/home/sergei/causality-disentanglement/vectorincrement/config/ve5_nonlinear.gin', '/home/sergei/causality-disentanglement/sparse_causal_model_learner_rl/configs/server_collect.gin', '/home/sergei/causality-disentanglement/sparse_causal_model_learner_rl/configs/ve5_rec_nonlin_gnn_gumbel_siamese_l2_search_opt_fit.gin', '/home/sergei/causality-disentanglement/sparse_causal_model_learner_rl/configs/ve5_dec_rec.gin']",True,0.00048814468861533124,0.8,0.9,4,0.7,47808.04657316208,0,9996,28.0,16.4,0.31,0.21216835899115624,0.4,0.7667048804454635,1988d_00016,"16__gin__b1__choice=0.8,_gin__b2__choice=0.9,_gin__iters__choice=4,_gin__lr__loguniform=0.00048814,_gin__ratio__choice=0.7",0.0,0.7004054728712592,9.0,35065800.0,0.0,50065000.0,500.65,3.0994415283203125e-06,350.658
9995.0,5000.0,1.0,0.004313974641263485,0.004313974641263485,0.0010163796097862764,1.0319768193838017,0.0,-1.0,"[-0.07269182 -0.08183717 -0.02266259  0.03527771  0.03053067 -0.00445623
 -0.03773242  0.0351785  -0.10741121  0.02678745 -0.0139191  -0.04825162
 -0.01023816 -0.09233411 -0.08743098  0.03655051  0.03327633 -0.00199695
  0.01785809]","[0.01315507 0.02880366 0.02330962 0.02288756 0.0159477  0.02076898
 0.0191734  0.01854094 0.04274962 0.01315932 0.03227801 0.02433182
 0.01460646 0.02582925 0.0235616  0.02481543 0.023929   0.9984571
 1.0620246 ]",-1.2839690446853638,7.303958892822266,0.0,0.0,26.045425415039062,0.00542976800352335,,,,,,,,,,,,,,,,,,,,,,,,,,,,,,,,,,,0.12614846229553223,,False,,,9996,821debc91277420095190fd6c246828b,2021-02-09_06-23-22,1612848202,4890.053862571716,17016,iccluster031,10.90.38.7,ve5_nonlinear_server_collect_ve5_rec_nonlin_gnn_gumbel_siamese_l2_search_opt_fit_ve5_dec_rec,/home/sergei/causality-disentanglement/results/ve5_nonlinear_server_collect_ve5_rec_nonlin_gnn_gumbel_siamese_l2_search_opt_fit_ve5_dec_rec/2021_02_08_22_58_03__1988d8a4-6a61-11eb-8ff1-90e2baa1a248,causal_sparse,"['/home/sergei/causality-disentanglement/vectorincrement/config/ve5_nonlinear.gin', '/home/sergei/causality-disentanglement/sparse_causal_model_learner_rl/configs/server_collect.gin', '/home/sergei/causality-disentanglement/sparse_causal_model_learner_rl/configs/ve5_rec_nonlin_gnn_gumbel_siamese_l2_search_opt_fit.gin', '/home/sergei/causality-disentanglement/sparse_causal_model_learner_rl/configs/ve5_dec_rec.gin']",True,1.603710279558156e-05,0.9,0.9999,1,0.1,4890.053862571716,0,9996,,,,,,,1988d_00017,"17__gin__b1__choice=0.9,_gin__b2__choice=0.9999,_gin__iters__choice=1,_gin__lr__loguniform=1.6037e-05,_gin__ratio__choice=0.1",0.0,0.1007500249655298,9.0,5044050.0,0.0,50065000.0,500.65,3.337860107421875e-06,50.4405
210.0,5000.0,1.0,5.621226884307394e+26,5.621226884307394e+26,4.916677856236608e+25,inf,0.0,-1.0,"[-2.0877554e+02  2.7838263e+01 -4.7731357e+00  1.6584109e+02
  2.7346600e+02  3.2064896e+02 -9.5631677e+02  2.5499111e+03
  1.2783874e+01  4.4286990e+02  1.2138335e+02  2.5457594e+01
 -3.7739258e+02 -5.1372797e+02 -4.7183615e+02  5.8491388e+02
  2.2771357e+01  2.1998061e-02 -5.6056357e-03]","[1.01957092e+03 1.33595291e+02 2.30119419e+01 8.13151672e+02
 1.30894067e+03 1.54013464e+03 4.62195459e+03 1.24683457e+04
 6.26259575e+01 2.15501660e+03 5.81747864e+02 1.23423256e+02
 1.87576990e+03 2.50469629e+03 2.23910986e+03 2.81119531e+03
 1.09902649e+02 9.94895160e-01 9.81079280e-01]",-14435.39453125,16523.412109375,0.0,0.0,25.67854881286621,634732223.9999994,,,,,,,,,,,,,,,,,,,,,,,,,,,,,,,,,,,0.4782569408416748,,False,,,211,92067a3ee26b4272a1267ba9602d6fce,2021-02-09_05-35-25,1612845325,341.22887897491455,37921,iccluster031,10.90.38.7,ve5_nonlinear_server_collect_ve5_rec_nonlin_gnn_gumbel_siamese_l2_search_opt_fit_ve5_dec_rec,/home/sergei/causality-disentanglement/results/ve5_nonlinear_server_collect_ve5_rec_nonlin_gnn_gumbel_siamese_l2_search_opt_fit_ve5_dec_rec/2021_02_08_22_58_03__1988d8a4-6a61-11eb-8ff1-90e2baa1a248,causal_sparse,"['/home/sergei/causality-disentanglement/vectorincrement/config/ve5_nonlinear.gin', '/home/sergei/causality-disentanglement/sparse_causal_model_learner_rl/configs/server_collect.gin', '/home/sergei/causality-disentanglement/sparse_causal_model_learner_rl/configs/ve5_rec_nonlin_gnn_gumbel_siamese_l2_search_opt_fit.gin', '/home/sergei/causality-disentanglement/sparse_causal_model_learner_rl/configs/ve5_dec_rec.gin']",True,0.00035078105062957805,0.999,0.8,4,0.5,341.22887897491455,0,211,62.0,20.4,0.61,0.21216835899115624,0.79,0.32017687520471666,1988d_00018,"18__gin__b1__choice=0.999,_gin__b2__choice=0.8,_gin__iters__choice=4,_gin__lr__loguniform=0.00035078,_gin__ratio__choice=0.5",0.0,0.5080263153438366,10.0,579150.0,0.0,1140000.0,11.4,5.4836273193359375e-06,5.7915
370.0,5000.0,1.0,3.8031444730896153e+24,3.8031444730896153e+24,2.1487113100727293e+22,inf,0.0,-1.0,"[-3.2496722e+00 -6.0941499e-01 -1.5799477e+00 -1.3212023e+00
 -2.0542405e+00 -5.0151615e+00 -3.6177320e+00 -4.2282438e+00
 -2.3652551e+00 -3.1537626e+00 -6.8392920e+00 -8.2429857e+00
 -1.1515304e-02  5.9128013e-02  1.5826398e+00 -2.7001152e+00
  4.4300976e+00  1.5605258e-02  1.3757198e-03]","[ 4.7632265  6.231395   2.53051    6.633056   3.426629   4.5116425
  3.3031125  5.097439   3.334901   3.0191207  6.2440395  5.7356825
  7.767211  32.748775   4.2872715  4.5169272  2.7404394  0.9945778
  1.0046166]",-42.77724838256836,52.10502243041992,0.0,0.0,26.251266479492188,3.8009357637171653e+24,,,,,,,,,,,,,,,,,,,,,,,,,,,,,,,,,,,0.29366016387939453,,False,,,371,5f662ade75644eb89d045ff0409df1da,2021-02-09_05-41-24,1612845684,345.6184732913971,47601,iccluster031,10.90.38.7,ve5_nonlinear_server_collect_ve5_rec_nonlin_gnn_gumbel_siamese_l2_search_opt_fit_ve5_dec_rec,/home/sergei/causality-disentanglement/results/ve5_nonlinear_server_collect_ve5_rec_nonlin_gnn_gumbel_siamese_l2_search_opt_fit_ve5_dec_rec/2021_02_08_22_58_03__1988d8a4-6a61-11eb-8ff1-90e2baa1a248,causal_sparse,"['/home/sergei/causality-disentanglement/vectorincrement/config/ve5_nonlinear.gin', '/home/sergei/causality-disentanglement/sparse_causal_model_learner_rl/configs/server_collect.gin', '/home/sergei/causality-disentanglement/sparse_causal_model_learner_rl/configs/ve5_rec_nonlin_gnn_gumbel_siamese_l2_search_opt_fit.gin', '/home/sergei/causality-disentanglement/sparse_causal_model_learner_rl/configs/ve5_dec_rec.gin']",True,0.003914534359207591,0.9999,0.8,2,0.1,345.6184732913971,0,371,23.6,16.4,0.78,0.21216835899115624,0.92,0.2713724205699312,1988d_00019,"19__gin__b1__choice=0.9999,_gin__b2__choice=0.8,_gin__iters__choice=2,_gin__lr__loguniform=0.0039145,_gin__ratio__choice=0.1",,,,,,,,,
70.0,5000.0,1.0,inf,inf,1.0700613369137855e+34,inf,0.0,-1.0,"[ 3.611325    3.1222956  -4.3051653   3.4936616   4.574078    3.2563665
 -4.4129      5.0411887   3.2647007  -2.834473    2.210336   -1.2083049
 -0.48353016 -2.2338738   1.0400851  -2.4987762   0.73981875  0.02433212
 -0.01556264]","[58.995796   55.843956   57.57504    52.160397   58.31893    53.51457
 60.28468    59.31743    55.93733    19.251423   15.107156   19.218811
 10.385324   15.95041    15.259081   17.268078   15.023112    0.99020976
  0.945695  ]",-77.45523834228516,78.67002868652344,0.0,0.0,25.586271286010742,851450.9374999993,,,,,,,,,,,,,,,,,,,,,,,,,,,,,,,,,,,0.4033815860748291,,False,,,71,272eb0d55e8c4872aef7bf81797eeb11,2021-02-09_05-44-08,1612845848,158.21081852912903,8880,iccluster031,10.90.38.7,ve5_nonlinear_server_collect_ve5_rec_nonlin_gnn_gumbel_siamese_l2_search_opt_fit_ve5_dec_rec,/home/sergei/causality-disentanglement/results/ve5_nonlinear_server_collect_ve5_rec_nonlin_gnn_gumbel_siamese_l2_search_opt_fit_ve5_dec_rec/2021_02_08_22_58_03__1988d8a4-6a61-11eb-8ff1-90e2baa1a248,causal_sparse,"['/home/sergei/causality-disentanglement/vectorincrement/config/ve5_nonlinear.gin', '/home/sergei/causality-disentanglement/sparse_causal_model_learner_rl/configs/server_collect.gin', '/home/sergei/causality-disentanglement/sparse_causal_model_learner_rl/configs/ve5_rec_nonlin_gnn_gumbel_siamese_l2_search_opt_fit.gin', '/home/sergei/causality-disentanglement/sparse_causal_model_learner_rl/configs/ve5_dec_rec.gin']",True,0.0018187154055421056,0.9999,0.5,4,0.5,158.21081852912903,0,71,,,,,,,1988d_00020,"20__gin__b1__choice=0.9999,_gin__b2__choice=0.5,_gin__iters__choice=4,_gin__lr__loguniform=0.0018187,_gin__ratio__choice=0.5",,,,,,,,,
35.0,5000.0,1.0,5.502504967614573e+27,5.502504967614573e+27,2.252442297252246e+25,inf,0.0,-1.0,"[ 6.3226957  -2.72315     2.4317179   5.262758   -2.887312   -1.1947502
  3.7109644  -8.347664   -2.2696304  -5.2118506  -3.7048597  -1.9966503
 -2.7651465   1.1222602  -8.36537     0.02188262 -7.934075    0.02752669
  0.00878964]","[49.753822  20.351763  49.59041   30.349628  52.328796  33.839344
 44.292927  72.69152   48.85704   53.118343  42.916367  29.586569
 21.537514  35.185112  63.111393  31.520004  75.774574   1.0013125
  1.0305675]",-98.11600494384766,90.49696350097656,0.0,0.0,25.37582778930664,4263347.429184229,,,,,,,,,,,,,,,,,,,,,,,,,,,,,,,,,,,0.25159239768981934,,False,,,36,cfa4da026b4840518b6842bd7bd894eb,2021-02-09_05-45-35,1612845935,76.30003595352173,15127,iccluster031,10.90.38.7,ve5_nonlinear_server_collect_ve5_rec_nonlin_gnn_gumbel_siamese_l2_search_opt_fit_ve5_dec_rec,/home/sergei/causality-disentanglement/results/ve5_nonlinear_server_collect_ve5_rec_nonlin_gnn_gumbel_siamese_l2_search_opt_fit_ve5_dec_rec/2021_02_08_22_58_03__1988d8a4-6a61-11eb-8ff1-90e2baa1a248,causal_sparse,"['/home/sergei/causality-disentanglement/vectorincrement/config/ve5_nonlinear.gin', '/home/sergei/causality-disentanglement/sparse_causal_model_learner_rl/configs/server_collect.gin', '/home/sergei/causality-disentanglement/sparse_causal_model_learner_rl/configs/ve5_rec_nonlin_gnn_gumbel_siamese_l2_search_opt_fit.gin', '/home/sergei/causality-disentanglement/sparse_causal_model_learner_rl/configs/ve5_dec_rec.gin']",True,0.07824890438234734,0.9999,0.5,2,0.1,76.30003595352173,0,36,,,,,,,1988d_00021,"21__gin__b1__choice=0.9999,_gin__b2__choice=0.5,_gin__iters__choice=2,_gin__lr__loguniform=0.078249,_gin__ratio__choice=0.1",0.0,0.3922641494631542,19.0,103950.0,0.0,265000.0,2.65,2.0503997802734375e-05,1.0395
9995.0,5000.0,1.0,0.0032422018703073263,0.0032422018703073263,0.0003969829918888637,0.1360680442904869,0.0,-1.0,"[ 0.27954623 -0.03861022  0.21566772  0.07454226  0.03957912  0.12923142
  0.3294242   0.03866932 -0.12987964  0.55426013  0.08394204  0.2863778
  0.07739477 -0.05214537 -0.04094118 -0.00634392 -0.02323038  0.00253436
  0.01279465]","[0.12886228 0.13423912 0.08310635 0.1432716  0.15679641 0.1564624
 0.28035167 0.08529545 0.08310591 0.30793878 0.16243209 0.14793082
 0.13018937 0.16010599 0.14364243 0.21711478 0.12332092 0.9977804
 1.0427489 ]",-1.2982063293457031,6.964548587799072,0.0,0.0,26.04917335510254,0.0021391313057392836,,,,,,,,,,,,,,,,,,,,,,,,,,,,,,,,,,,0.3284330368041992,,False,,,9996,4ab852921f1d4517be24e67d397c2124,2021-02-09_11-57-42,1612868262,22320.163182735443,19233,iccluster031,10.90.38.7,ve5_nonlinear_server_collect_ve5_rec_nonlin_gnn_gumbel_siamese_l2_search_opt_fit_ve5_dec_rec,/home/sergei/causality-disentanglement/results/ve5_nonlinear_server_collect_ve5_rec_nonlin_gnn_gumbel_siamese_l2_search_opt_fit_ve5_dec_rec/2021_02_08_22_58_03__1988d8a4-6a61-11eb-8ff1-90e2baa1a248,causal_sparse,"['/home/sergei/causality-disentanglement/vectorincrement/config/ve5_nonlinear.gin', '/home/sergei/causality-disentanglement/sparse_causal_model_learner_rl/configs/server_collect.gin', '/home/sergei/causality-disentanglement/sparse_causal_model_learner_rl/configs/ve5_rec_nonlin_gnn_gumbel_siamese_l2_search_opt_fit.gin', '/home/sergei/causality-disentanglement/sparse_causal_model_learner_rl/configs/ve5_dec_rec.gin']",True,0.0033358736980856766,0.99,0.9999,3,0.1,22320.163182735443,0,9996,,,,,,,1988d_00022,"22__gin__b1__choice=0.99,_gin__b2__choice=0.9999,_gin__iters__choice=3,_gin__lr__loguniform=0.0033359,_gin__ratio__choice=0.1",0.0,0.10035453909716659,6.0,5024250.0,0.0,50065000.0,500.65,5.9604644775390625e-06,50.2425
260.0,5000.0,1.0,1.8320427687821816e+25,1.8320427687821816e+25,5.691910656447853e+24,inf,0.0,-1.0,"[-0.31907198  0.07865677 -0.14711736 -0.03390501 -1.085431   -0.24380149
 -0.25853887  0.1899053  -0.15279922  0.9736547   0.62816256 -0.7032841
 -1.0186774  -0.712539   -0.7471387  -0.61595887  0.8807953   0.01732948
  0.00290013]","[3.7333174  3.8148851  3.9489007  5.4055667  9.834959   1.3412577
 1.619467   1.835316   2.2104301  6.670303   5.2105064  5.488949
 6.4551454  4.747669   4.8098125  4.045173   6.005364   0.99140894
 1.0101516 ]",-12.444222450256348,12.555715560913086,0.0,0.0,26.071866989135742,4.232559310852486e+24,,,,,,,,,,,,,,,,,,,,,,,,,,,,,,,,,,,0.7228515148162842,,False,,,261,9d5f4443222b4bdf8c677277e19bc1cf,2021-02-09_06-03-57,1612847037,551.4566988945007,32611,iccluster031,10.90.38.7,ve5_nonlinear_server_collect_ve5_rec_nonlin_gnn_gumbel_siamese_l2_search_opt_fit_ve5_dec_rec,/home/sergei/causality-disentanglement/results/ve5_nonlinear_server_collect_ve5_rec_nonlin_gnn_gumbel_siamese_l2_search_opt_fit_ve5_dec_rec/2021_02_08_22_58_03__1988d8a4-6a61-11eb-8ff1-90e2baa1a248,causal_sparse,"['/home/sergei/causality-disentanglement/vectorincrement/config/ve5_nonlinear.gin', '/home/sergei/causality-disentanglement/sparse_causal_model_learner_rl/configs/server_collect.gin', '/home/sergei/causality-disentanglement/sparse_causal_model_learner_rl/configs/ve5_rec_nonlin_gnn_gumbel_siamese_l2_search_opt_fit.gin', '/home/sergei/causality-disentanglement/sparse_causal_model_learner_rl/configs/ve5_dec_rec.gin']",True,0.00017017020267295468,0.9999,0.9,5,0.5,551.4566988945007,0,261,57.1,16.8,0.43,0.21216835899115624,0.66,0.8074844415329184,1988d_00023,"23__gin__b1__choice=0.9999,_gin__b2__choice=0.9,_gin__iters__choice=5,_gin__lr__loguniform=0.00017017,_gin__ratio__choice=0.5",,,,,,,,,
9995.0,5000.0,1.0,0.0013437134912237525,0.0013437134912237525,0.00037371059851744174,0.06271894425950125,0.0,-1.0,"[ 0.40598816 -0.04204647 -0.10670328 -0.04592189  0.0390863  -0.03611458
 -0.33081785 -0.74415135  0.07403123 -0.03299362  0.01730143  0.6887024
  0.8316337   0.00918165 -0.04120283 -0.21500063  0.15653725  0.03026224
  0.05578793]","[0.12287106 0.16879657 0.15573035 0.02572226 0.00868952 0.0432421
 0.13562308 0.18869112 0.08026287 0.1151583  0.28849658 0.2272817
 0.07802893 0.09771277 0.00663841 0.130327   0.1397308  0.9982365
 1.1948051 ]",-2.28579044342041,7.842193126678467,0.0,0.0,25.887617111206055,0.0018155332654714587,,,,,,,,,,,,,,,,,,,,,,,,,,,,,,,,,,,0.45018696784973145,,False,,,9996,46d77fcc8ed5433b8d0be58fddc18e6b,2021-02-10_01-23-39,1612916619,6045.0582802295685,41891,iccluster031,10.90.38.7,ve5_nonlinear_server_collect_ve5_rec_nonlin_gnn_gumbel_siamese_l2_search_opt_fit_ve5_dec_rec,/home/sergei/causality-disentanglement/results/ve5_nonlinear_server_collect_ve5_rec_nonlin_gnn_gumbel_siamese_l2_search_opt_fit_ve5_dec_rec/2021_02_08_22_58_03__1988d8a4-6a61-11eb-8ff1-90e2baa1a248,causal_sparse,"['/home/sergei/causality-disentanglement/vectorincrement/config/ve5_nonlinear.gin', '/home/sergei/causality-disentanglement/sparse_causal_model_learner_rl/configs/server_collect.gin', '/home/sergei/causality-disentanglement/sparse_causal_model_learner_rl/configs/ve5_rec_nonlin_gnn_gumbel_siamese_l2_search_opt_fit.gin', '/home/sergei/causality-disentanglement/sparse_causal_model_learner_rl/configs/ve5_dec_rec.gin']",True,0.004946556062183959,0.5,0.5,4,0.1,6045.0582802295685,0,9996,56.4,12.4,0.0,0.07091385522436948,0.85,0.7689977071732722,1988d_00024,"24__gin__b1__choice=0.5,_gin__b2__choice=0.5,_gin__iters__choice=4,_gin__lr__loguniform=0.0049466,_gin__ratio__choice=0.1",0.0,0.1007500249655298,9.0,5044050.0,0.0,50065000.0,500.65,4.0531158447265625e-06,50.4405
120.0,5000.0,1.0,3.0187892322494054e+17,3.0187892322494054e+17,1472351752185337.8,inf,0.0,-1.0,"[ 1.4832675e+01  1.5464256e+01 -2.4301279e+01  1.7266150e+01
 -1.2631349e+01 -2.6837540e+01  4.6008954e+00 -1.8026640e+01
  2.0925671e+01 -2.8651512e+01 -3.8380051e+00  9.8663759e+00
  1.2173841e+01 -1.5747725e+01 -1.9721691e+01 -9.6770687e+00
 -5.0690646e+00 -6.7549688e-03 -1.0859748e-02]","[ 56.84153     85.54672    102.08007    102.33601     94.23512
 155.59422     79.766594   171.4353      83.28533    164.64645
  54.313717    72.84401     76.52371     95.84954    126.20016
  85.27356     32.02484      0.9915379    0.96417433]",-225.14178466796875,228.4031524658203,0.0,0.0,25.859745025634766,8998.284179687505,,,,,,,,,,,,,,,,,,,,,,,,,,,,,,,,,,,7.700806140899658,,False,,,121,2a074e74587f468bb5bb09580b9175c8,2021-02-09_06-23-42,1612848222,317.47007155418396,471,iccluster031,10.90.38.7,ve5_nonlinear_server_collect_ve5_rec_nonlin_gnn_gumbel_siamese_l2_search_opt_fit_ve5_dec_rec,/home/sergei/causality-disentanglement/results/ve5_nonlinear_server_collect_ve5_rec_nonlin_gnn_gumbel_siamese_l2_search_opt_fit_ve5_dec_rec/2021_02_08_22_58_03__1988d8a4-6a61-11eb-8ff1-90e2baa1a248,causal_sparse,"['/home/sergei/causality-disentanglement/vectorincrement/config/ve5_nonlinear.gin', '/home/sergei/causality-disentanglement/sparse_causal_model_learner_rl/configs/server_collect.gin', '/home/sergei/causality-disentanglement/sparse_causal_model_learner_rl/configs/ve5_rec_nonlin_gnn_gumbel_siamese_l2_search_opt_fit.gin', '/home/sergei/causality-disentanglement/sparse_causal_model_learner_rl/configs/ve5_dec_rec.gin']",True,0.09946975660297848,0.9999,0.9,3,0.1,317.47007155418396,0,121,34.488888888888894,16.27777777777778,0.0811111111111111,0.14166393711103833,0.68,0.8895348837209303,1988d_00025,"25__gin__b1__choice=0.9999,_gin__b2__choice=0.9,_gin__iters__choice=3,_gin__lr__loguniform=0.09947,_gin__ratio__choice=0.1",0.0,0.150652173694707,19.0,103950.0,0.0,690000.0,6.9,5.245208740234375e-06,1.0395
9995.0,5000.0,1.0,0.11253707855939865,0.11253707855939865,0.0002235866436453509,0.11340640420749906,0.0,-1.0,"[-0.01500119 -0.09934705  0.027278    0.24869296 -0.28867483 -0.04828381
 -0.10072371 -0.52946794  0.16634974  0.0604316   0.17873362  0.065892
 -0.17706169 -0.01940123 -0.09266376  0.3319885   0.30942413 -0.01620781
 -0.02242245]","[0.01253064 0.14787605 0.00448348 0.35156065 0.28358266 0.01587131
 0.29480365 0.3210796  0.16443948 0.00604931 0.2418057  0.07259156
 0.32829186 0.18991785 0.05012387 0.48821923 0.44069144 1.0085156
 0.92146015]",-1.369549036026001,6.861262321472168,0.0,0.0,25.7330265045166,0.1470362693071365,,,,,,,,,,,,,,,,,,,,,,,,,,,,,,,,,,,0.30136847496032715,,False,,,9996,333a384656574240987609c38dacb340,2021-02-09_11-16-17,1612865777,17570.130873680115,5852,iccluster031,10.90.38.7,ve5_nonlinear_server_collect_ve5_rec_nonlin_gnn_gumbel_siamese_l2_search_opt_fit_ve5_dec_rec,/home/sergei/causality-disentanglement/results/ve5_nonlinear_server_collect_ve5_rec_nonlin_gnn_gumbel_siamese_l2_search_opt_fit_ve5_dec_rec/2021_02_08_22_58_03__1988d8a4-6a61-11eb-8ff1-90e2baa1a248,causal_sparse,"['/home/sergei/causality-disentanglement/vectorincrement/config/ve5_nonlinear.gin', '/home/sergei/causality-disentanglement/sparse_causal_model_learner_rl/configs/server_collect.gin', '/home/sergei/causality-disentanglement/sparse_causal_model_learner_rl/configs/ve5_rec_nonlin_gnn_gumbel_siamese_l2_search_opt_fit.gin', '/home/sergei/causality-disentanglement/sparse_causal_model_learner_rl/configs/ve5_dec_rec.gin']",True,0.04178825090085257,0.5,0.99,2,0.5,17570.130873680115,0,9996,27.6,16.0,0.7,0.21216835899115624,0.99,0.7667048804454635,1988d_00026,"26__gin__b1__choice=0.5,_gin__b2__choice=0.99,_gin__iters__choice=2,_gin__lr__loguniform=0.041788,_gin__ratio__choice=0.5",,,,,,,,,
9995.0,5000.0,1.0,0.0040035611018538475,0.0040035611018538475,0.0026166377865340313,2.550160036928874,0.0,-1.0,"[-0.0258527   0.10038786 -0.01079582  0.03956911 -0.01441736 -0.08497867
  0.04755753 -0.0346314   0.12363882 -0.01865053  0.07968418  0.06418914
  0.00984518 -0.04003901 -0.04067158 -0.08856049  0.01639628 -0.000659
 -0.03609845]","[0.02605095 0.0180637  0.02781687 0.03049556 0.04301522 0.02069363
 0.02500186 0.02052273 0.01893668 0.02033411 0.07589724 0.03858999
 0.01797627 0.01649072 0.02378362 0.03843384 0.02766508 0.9930261
 0.87113625]",-1.298328161239624,6.79483699798584,0.0,0.0,25.646957397460938,0.004427823703736066,,,,,,,,,,,,,,,,,,,,,,,,,,,,,,,,,,,20.658288717269897,,False,,,9996,97a52b6eeaf04319956ee77845ba2a85,2021-02-09_16-17-21,1612883841,35604.25454950333,21717,iccluster031,10.90.38.7,ve5_nonlinear_server_collect_ve5_rec_nonlin_gnn_gumbel_siamese_l2_search_opt_fit_ve5_dec_rec,/home/sergei/causality-disentanglement/results/ve5_nonlinear_server_collect_ve5_rec_nonlin_gnn_gumbel_siamese_l2_search_opt_fit_ve5_dec_rec/2021_02_08_22_58_03__1988d8a4-6a61-11eb-8ff1-90e2baa1a248,causal_sparse,"['/home/sergei/causality-disentanglement/vectorincrement/config/ve5_nonlinear.gin', '/home/sergei/causality-disentanglement/sparse_causal_model_learner_rl/configs/server_collect.gin', '/home/sergei/causality-disentanglement/sparse_causal_model_learner_rl/configs/ve5_rec_nonlin_gnn_gumbel_siamese_l2_search_opt_fit.gin', '/home/sergei/causality-disentanglement/sparse_causal_model_learner_rl/configs/ve5_dec_rec.gin']",True,1.0769483108340324e-05,0.99,0.9999,2,0.7,35604.25454950333,0,9996,24.712,16.3,0.0292,0.21216835899115621,0.6776000000000001,0.7667048804454635,1988d_00027,"27__gin__b1__choice=0.99,_gin__b2__choice=0.9999,_gin__iters__choice=2,_gin__lr__loguniform=1.0769e-05,_gin__ratio__choice=0.7",0.0,0.7002077299370776,11.0,35055900.0,0.0,50065000.0,500.65,3.5762786865234375e-06,350.559
9995.0,5000.0,1.0,0.004303641617298126,0.004303641617298126,0.0023288172443345603,1.7309821553983453,0.0,-1.0,"[-0.17100188  0.17811322 -0.04766171 -0.17823161  0.07368322 -0.24168251
 -0.23536982 -0.05552615 -0.32114348  0.09284534  0.24327242  0.08911257
  0.17088595  0.07867299 -0.08354495 -0.364522    0.26768512  0.00763068
  0.02191488]","[0.09236277 0.06362022 0.08063831 0.0461273  0.11009237 0.05413732
 0.05539351 0.06536083 0.08299234 0.05498486 0.05183017 0.04420861
 0.1156591  0.08355768 0.06306642 0.06528819 0.09348939 0.9858596
 1.0796202 ]",-1.2922354936599731,7.696814060211182,0.0,0.0,26.131080627441406,0.0031707577873021356,,,,,,,,,,,,,,,,,,,,,,,,,,,,,,,,,,,9.819133281707764,,False,,,9996,2ac9bb9dc75148c2b2f90d236bd9a9ab,2021-02-09_13-09-17,1612872557,21072.773081064224,38941,iccluster031,10.90.38.7,ve5_nonlinear_server_collect_ve5_rec_nonlin_gnn_gumbel_siamese_l2_search_opt_fit_ve5_dec_rec,/home/sergei/causality-disentanglement/results/ve5_nonlinear_server_collect_ve5_rec_nonlin_gnn_gumbel_siamese_l2_search_opt_fit_ve5_dec_rec/2021_02_08_22_58_03__1988d8a4-6a61-11eb-8ff1-90e2baa1a248,causal_sparse,"['/home/sergei/causality-disentanglement/vectorincrement/config/ve5_nonlinear.gin', '/home/sergei/causality-disentanglement/sparse_causal_model_learner_rl/configs/server_collect.gin', '/home/sergei/causality-disentanglement/sparse_causal_model_learner_rl/configs/ve5_rec_nonlin_gnn_gumbel_siamese_l2_search_opt_fit.gin', '/home/sergei/causality-disentanglement/sparse_causal_model_learner_rl/configs/ve5_dec_rec.gin']",True,4.8174759716067674e-05,0.99,0.9999,2,0.5,21072.773081064224,0,9996,30.325,16.199999999999996,0.0075,0.2121683589911562,0.6391666666666665,0.7667048804454634,1988d_00028,"28__gin__b1__choice=0.99,_gin__b2__choice=0.9999,_gin__iters__choice=2,_gin__lr__loguniform=4.8175e-05,_gin__ratio__choice=0.5",0.0,0.5003884949465617,9.0,25051950.0,0.0,50065000.0,500.65,6.9141387939453125e-06,250.5195
9995.0,5000.0,1.0,0.004850784316658974,0.004850784316658974,0.0004731610198720975,0.11709735534458315,0.0,-1.0,"[ 0.01627188  0.66224307 -0.00710353  0.60083824  0.00935484  0.00078348
 -0.04249426  0.00201421 -0.08317865  0.0218203  -0.04822803 -0.03036307
 -0.0448265  -0.01458144  0.0512127  -0.01956449 -0.07855538 -0.01696263
 -0.02401547]","[0.03527323 0.5259669  0.15812941 0.23188274 0.04539156 0.08640685
 0.06028455 0.03123058 0.4085861  0.037857   0.03333814 0.05623705
 0.4574317  0.46800458 0.11235247 0.06323628 0.436016   1.0031114
 0.9201932 ]",-2.7289538383483887,6.517534255981445,0.0,0.0,26.03329849243164,0.0025042560882866387,,,,,,,,,,,,,,,,,,,,,,,,,,,,,,,,,,,0.28939104080200195,,False,,,9996,10ce335de2924032a5268b266851832a,2021-02-10_01-29-14,1612916954,6380.028001308441,41964,iccluster031,10.90.38.7,ve5_nonlinear_server_collect_ve5_rec_nonlin_gnn_gumbel_siamese_l2_search_opt_fit_ve5_dec_rec,/home/sergei/causality-disentanglement/results/ve5_nonlinear_server_collect_ve5_rec_nonlin_gnn_gumbel_siamese_l2_search_opt_fit_ve5_dec_rec/2021_02_08_22_58_03__1988d8a4-6a61-11eb-8ff1-90e2baa1a248,causal_sparse,"['/home/sergei/causality-disentanglement/vectorincrement/config/ve5_nonlinear.gin', '/home/sergei/causality-disentanglement/sparse_causal_model_learner_rl/configs/server_collect.gin', '/home/sergei/causality-disentanglement/sparse_causal_model_learner_rl/configs/ve5_rec_nonlin_gnn_gumbel_siamese_l2_search_opt_fit.gin', '/home/sergei/causality-disentanglement/sparse_causal_model_learner_rl/configs/ve5_dec_rec.gin']",True,0.008632453964963888,0.5,0.9,3,0.5,6380.028001308441,0,9996,34.9,10.9,0.28,0.07091385522436948,0.15,0.7751392073370456,1988d_00029,"29__gin__b1__choice=0.5,_gin__b2__choice=0.9,_gin__iters__choice=3,_gin__lr__loguniform=0.0086325,_gin__ratio__choice=0.5",,,,,,,,,
9995.0,5000.0,1.0,0.0028543879743665457,0.0028543879743665457,0.001493810711963306,0.8584540440041033,0.0,-1.0,"[ 0.14574562 -0.4447848  -0.307137   -0.16710691  0.3206414  -0.36174497
  0.3946311   0.20588627 -0.39088267  0.51559466 -0.48707578 -0.2708023
  0.36110258 -0.23983036  0.56559473  0.54696167  0.09561849 -0.02632782
  0.06574459]","[0.06376313 0.08685952 0.07448808 0.08618189 0.08776719 0.08161829
 0.0851969  0.1037014  0.18674017 0.08225377 0.09513847 0.163278
 0.1722566  0.1169821  0.09232152 0.093155   0.1351008  1.0016961
 1.2220713 ]",-1.3134424686431885,7.696814060211182,0.0,0.0,25.938486099243164,0.002884128596633672,,,,,,,,,,,,,,,,,,,,,,,,,,,,,,,,,,,0.19362092018127441,,False,,,9996,c1879d895e324062bad884e9880f8e66,2021-02-10_00-12-51,1612912371,1797.0144109725952,41892,iccluster031,10.90.38.7,ve5_nonlinear_server_collect_ve5_rec_nonlin_gnn_gumbel_siamese_l2_search_opt_fit_ve5_dec_rec,/home/sergei/causality-disentanglement/results/ve5_nonlinear_server_collect_ve5_rec_nonlin_gnn_gumbel_siamese_l2_search_opt_fit_ve5_dec_rec/2021_02_08_22_58_03__1988d8a4-6a61-11eb-8ff1-90e2baa1a248,causal_sparse,"['/home/sergei/causality-disentanglement/vectorincrement/config/ve5_nonlinear.gin', '/home/sergei/causality-disentanglement/sparse_causal_model_learner_rl/configs/server_collect.gin', '/home/sergei/causality-disentanglement/sparse_causal_model_learner_rl/configs/ve5_rec_nonlin_gnn_gumbel_siamese_l2_search_opt_fit.gin', '/home/sergei/causality-disentanglement/sparse_causal_model_learner_rl/configs/ve5_dec_rec.gin']",True,0.0001597907458329529,0.9,0.9999,1,0.1,1797.0144109725952,0,9996,67.4,17.0,0.62,0.21200458565345562,0.57,0.5857353422862758,1988d_00030,"30__gin__b1__choice=0.9,_gin__b2__choice=0.9999,_gin__iters__choice=1,_gin__lr__loguniform=0.00015979,_gin__ratio__choice=0.1",0.0,0.100651153498439,11.0,5039100.0,0.0,50065000.0,500.65,3.814697265625e-06,50.391
8255.0,5000.0,1.0,3.3390210054881632e+22,3.3390210054881632e+22,1.0484560656229326e+23,inf,0.0,-1.0,"[ 1.8098613  -0.9662864  -2.3704722   2.7079597  -1.1066235   1.4886378
 -1.1397957  -2.6496563  -1.7464077  -1.7277741   1.7456402   2.6297503
 -2.6949484  -0.33032343  1.8937328   0.24312524  1.7827578  -0.00378724
 -0.01499832]","[ 5.9064126   9.1870575   7.624839   12.791957   13.243991   16.111866
  9.608156   15.2817335   5.8366017  12.324896   14.780723   14.384062
  8.395002    5.7864065   4.6921835   2.306745   12.352371    0.9792783
  0.94984454]",-24.74078369140625,23.916847229003906,0.0,0.0,25.5956974029541,4.3764708468737655e+27,,,,,,,,,,,,,,,,,,,,,,,,,,,,,,,,,,,0.28867220878601074,,False,,,8256,17e604520b45455f8f5105457dc435fb,2021-02-10_01-42-46,1612917766,7192.430740118027,41894,iccluster031,10.90.38.7,ve5_nonlinear_server_collect_ve5_rec_nonlin_gnn_gumbel_siamese_l2_search_opt_fit_ve5_dec_rec,/home/sergei/causality-disentanglement/results/ve5_nonlinear_server_collect_ve5_rec_nonlin_gnn_gumbel_siamese_l2_search_opt_fit_ve5_dec_rec/2021_02_08_22_58_03__1988d8a4-6a61-11eb-8ff1-90e2baa1a248,causal_sparse,"['/home/sergei/causality-disentanglement/vectorincrement/config/ve5_nonlinear.gin', '/home/sergei/causality-disentanglement/sparse_causal_model_learner_rl/configs/server_collect.gin', '/home/sergei/causality-disentanglement/sparse_causal_model_learner_rl/configs/ve5_rec_nonlin_gnn_gumbel_siamese_l2_search_opt_fit.gin', '/home/sergei/causality-disentanglement/sparse_causal_model_learner_rl/configs/ve5_dec_rec.gin']",True,4.0456957929798046e-05,0.9999,0.99,3,0.7,7192.430740118027,0,8256,26.5,9.2,0.3,0.07091385522436948,0.52,0.4850966262692434,1988d_00031,"31__gin__b1__choice=0.9999,_gin__b2__choice=0.99,_gin__iters__choice=3,_gin__lr__loguniform=4.0457e-05,_gin__ratio__choice=0.7",,,,,,,,,
230.0,5000.0,1.0,6.441770320938715e+32,6.441770320938715e+32,6.6732346851439425e+31,inf,0.0,-1.0,"[ 8.47541690e-01 -1.19335184e+01  1.26773243e+01  1.02317076e+01
 -1.70998802e+01 -3.21595216e+00  1.42971945e+01 -4.55076408e+00
  4.15980530e+00 -5.05828285e+00 -9.77221870e+00  1.16211967e+01
  1.23742437e+01 -1.31677008e+01  6.28413725e+00  8.97278666e-01
 -1.12810621e+01 -1.42864119e-02 -2.31791921e-02]","[ 17.19208   142.55452   126.08281    71.36411   275.12933    17.844845
 195.4427     65.95655    36.189175   76.28737   114.71722   142.03279
 165.70285   111.352005   56.24262    16.7228    121.640915    1.0071161
   0.921175 ]",-347.9593505859375,345.4040832519531,0.0,0.0,25.200111389160156,2.789961424358264e+30,,,,,,,,,,,,,,,,,,,,,,,,,,,,,,,,,,,10.195846319198608,,False,,,231,21b75056943345259d7a56d09cc47d40,2021-02-09_17-23-53,1612887833,3907.288459777832,3000,iccluster031,10.90.38.7,ve5_nonlinear_server_collect_ve5_rec_nonlin_gnn_gumbel_siamese_l2_search_opt_fit_ve5_dec_rec,/home/sergei/causality-disentanglement/results/ve5_nonlinear_server_collect_ve5_rec_nonlin_gnn_gumbel_siamese_l2_search_opt_fit_ve5_dec_rec/2021_02_08_22_58_03__1988d8a4-6a61-11eb-8ff1-90e2baa1a248,causal_sparse,"['/home/sergei/causality-disentanglement/vectorincrement/config/ve5_nonlinear.gin', '/home/sergei/causality-disentanglement/sparse_causal_model_learner_rl/configs/server_collect.gin', '/home/sergei/causality-disentanglement/sparse_causal_model_learner_rl/configs/ve5_rec_nonlin_gnn_gumbel_siamese_l2_search_opt_fit.gin', '/home/sergei/causality-disentanglement/sparse_causal_model_learner_rl/configs/ve5_dec_rec.gin']",True,0.007300083627590669,0.99,0.9,5,0.7,3907.288459777832,0,231,10.958333333333334,16.400000000000002,0.018333333333333333,0.2121683589911562,0.021666666666666667,0.7667048804454634,1988d_00032,"32__gin__b1__choice=0.99,_gin__b2__choice=0.9,_gin__iters__choice=5,_gin__lr__loguniform=0.0073001,_gin__ratio__choice=0.7",,,,,,,,,
3715.0,5000.0,1.0,2.471263826406714e+23,2.471263826406714e+23,9.181919300492707e+22,inf,0.0,-1.0,"[ 0.7069139   2.206823   -0.14694084  0.34752434 -2.3932946   1.1357132
  0.5771736  -2.8387651   2.5524495  -2.5672538  -0.26541802  5.462474
  2.7362623   0.8786868  -1.970505    3.0696363   1.4885052   0.01626482
 -0.01603177]","[ 8.177592   24.29286    10.69103    13.011474   27.707798   12.995069
 13.6962805  25.212685   24.28164    29.725082    5.4873095  42.706062
 29.084873   11.007274   23.982145   24.91965    14.559235    0.9997227
  0.94211465]",-66.5112075805664,66.62776184082031,0.0,0.0,26.161724090576172,1753931647.9999971,,,,,,,,,,,,,,,,,,,,,,,,,,,,,,,,,,,0.35315871238708496,,False,,,3716,b910ae0a9fa348d8b90bcfd051c1b057,2021-02-10_00-09-26,1612912166,1592.4127879142761,41933,iccluster031,10.90.38.7,ve5_nonlinear_server_collect_ve5_rec_nonlin_gnn_gumbel_siamese_l2_search_opt_fit_ve5_dec_rec,/home/sergei/causality-disentanglement/results/ve5_nonlinear_server_collect_ve5_rec_nonlin_gnn_gumbel_siamese_l2_search_opt_fit_ve5_dec_rec/2021_02_08_22_58_03__1988d8a4-6a61-11eb-8ff1-90e2baa1a248,causal_sparse,"['/home/sergei/causality-disentanglement/vectorincrement/config/ve5_nonlinear.gin', '/home/sergei/causality-disentanglement/sparse_causal_model_learner_rl/configs/server_collect.gin', '/home/sergei/causality-disentanglement/sparse_causal_model_learner_rl/configs/ve5_rec_nonlin_gnn_gumbel_siamese_l2_search_opt_fit.gin', '/home/sergei/causality-disentanglement/sparse_causal_model_learner_rl/configs/ve5_dec_rec.gin']",True,0.00016138955396011154,0.9999,0.99,3,0.1,1592.4127879142761,0,3716,,,,,,,1988d_00033,"33__gin__b1__choice=0.9999,_gin__b2__choice=0.99,_gin__iters__choice=3,_gin__lr__loguniform=0.00016139,_gin__ratio__choice=0.1",,,,,,,,,
9995.0,5000.0,1.0,0.13479061424732208,0.13479061424732208,0.0005413303643201238,0.102591451793944,0.0,-1.0,"[-0.02145626 -0.0359254  -0.13804138  0.05995728 -0.06382421  0.02999766
 -0.01309489 -0.01898427 -0.09326059  0.08708081  0.07162405  0.01239712
  0.0020441   0.01462618 -0.05045389  0.03543008  0.13517149 -0.01259315
  0.01064701]","[0.16483958 0.22066912 0.25065356 0.19840895 0.19679606 0.16243403
 0.07170776 0.14276221 0.28366306 0.14644428 0.15739474 0.12875323
 0.19367176 0.20330013 0.1482075  0.15440632 0.22382143 0.9929952
 1.0383749 ]",-1.303619146347046,7.471155643463135,0.0,0.0,25.653629302978516,0.1429687738418579,,,,,,,,,,,,,,,,,,,,,,,,,,,,,,,,,,,0.3685164451599121,,False,,,9996,455224942e6c4537a4c179993675a19d,2021-02-10_00-44-12,1612914252,3679.1668095588684,41963,iccluster031,10.90.38.7,ve5_nonlinear_server_collect_ve5_rec_nonlin_gnn_gumbel_siamese_l2_search_opt_fit_ve5_dec_rec,/home/sergei/causality-disentanglement/results/ve5_nonlinear_server_collect_ve5_rec_nonlin_gnn_gumbel_siamese_l2_search_opt_fit_ve5_dec_rec/2021_02_08_22_58_03__1988d8a4-6a61-11eb-8ff1-90e2baa1a248,causal_sparse,"['/home/sergei/causality-disentanglement/vectorincrement/config/ve5_nonlinear.gin', '/home/sergei/causality-disentanglement/sparse_causal_model_learner_rl/configs/server_collect.gin', '/home/sergei/causality-disentanglement/sparse_causal_model_learner_rl/configs/ve5_rec_nonlin_gnn_gumbel_siamese_l2_search_opt_fit.gin', '/home/sergei/causality-disentanglement/sparse_causal_model_learner_rl/configs/ve5_dec_rec.gin']",True,0.05389291906426588,0.5,0.9,2,0.1,3679.1668095588684,0,9996,68.3,14.0,0.0,0.07091385522436948,0.87,0.9070586308548968,1988d_00034,"34__gin__b1__choice=0.5,_gin__b2__choice=0.9,_gin__iters__choice=2,_gin__lr__loguniform=0.053893,_gin__ratio__choice=0.1",,,,,,,,,
475.0,5000.0,1.0,1.2018207358991628e+30,1.2018207358991628e+30,2.2909371203525137e+29,inf,0.0,-1.0,"[ 3.8840851e+01 -1.5961841e+01  1.3146418e+00 -3.2607305e+00
 -3.2070744e+01  5.2745028e+00 -3.1814312e+01  2.5634120e+00
  1.9739946e+01 -1.6544621e+01 -9.9941349e+00  2.6950659e+01
 -3.3722950e+01 -1.4672100e+01  1.4024256e+01 -3.8735905e+00
 -4.2745537e-01  1.9214851e-03  4.1668877e-02]","[236.53075   105.065704   79.35968   111.578     239.3654     89.29277
 191.49706    33.44364   116.51562   137.25703    64.48581   159.63206
 206.27274    96.39379   120.12446    33.49458    45.30557     0.9981337
   1.1389319]",-522.554443359375,520.7540893554688,0.0,0.0,26.46959686279297,8.000036048386544e+20,,,,,,,,,,,,,,,,,,,,,,,,,,,,,,,,,,,0.36588168144226074,,False,,,476,15771742746742bda5e4c81ff5597e42,2021-02-10_00-15-05,1612912505,333.6355757713318,15469,iccluster031,10.90.38.7,ve5_nonlinear_server_collect_ve5_rec_nonlin_gnn_gumbel_siamese_l2_search_opt_fit_ve5_dec_rec,/home/sergei/causality-disentanglement/results/ve5_nonlinear_server_collect_ve5_rec_nonlin_gnn_gumbel_siamese_l2_search_opt_fit_ve5_dec_rec/2021_02_08_22_58_03__1988d8a4-6a61-11eb-8ff1-90e2baa1a248,causal_sparse,"['/home/sergei/causality-disentanglement/vectorincrement/config/ve5_nonlinear.gin', '/home/sergei/causality-disentanglement/sparse_causal_model_learner_rl/configs/server_collect.gin', '/home/sergei/causality-disentanglement/sparse_causal_model_learner_rl/configs/ve5_rec_nonlin_gnn_gumbel_siamese_l2_search_opt_fit.gin', '/home/sergei/causality-disentanglement/sparse_causal_model_learner_rl/configs/ve5_dec_rec.gin']",True,0.00015954206367760552,0.999,0.9,4,0.5,333.6355757713318,0,476,70.2,15.4,0.24,0.1415001637733377,1.0,0.7639207337045529,1988d_00035,"35__gin__b1__choice=0.999,_gin__b2__choice=0.9,_gin__iters__choice=4,_gin__lr__loguniform=0.00015954,_gin__ratio__choice=0.5",,,,,,,,,
